judul,tanggal,sumber,url,konten
Google News,,Pemprov Jawa Tengah,https://news.google.com/rss/articles/CBMinwFBVV95cUxNVWNHZGJmVlZFOTE3N2lsSXhHcGNvdDE0Nl9FaTNZUlQyU2RGU29XZU1XN29rcUtuUWVrU2Q5X2ZWUFliOEU1VUxFNjVQMmhINHNHY2hXTUx6OWxwMVU2NDlzNEtkSWJkSnBlZnhhMVRoektRMTBsVzBnQVlJR2UyYWtmNzh6SVBZVnNHZ2RTTVVNd094RjQtLVlCaWJOdXc?oc=5,
Google News,,Kompas.com,https://news.google.com/rss/articles/CBMiyAFBVV95cUxNWHZDZndwMkJuTzB4eFlZWmdnUVd5WFZFU3lSQTJtejR5MXpQcUJRYjVHZGZmNTEzUlZjcy02NlJMYWZYTFAyX19YcndRMTdXa2h6eFBBSHNHSTFaVmNDRVlXYUFHck1Pa1NqUEZOOGl4TkVXNE0yVl9kd0UtUmdFX0t6a1hwUEpBWHAyZ1lpaGVGdlhqaUJiVS0yam54anpKMThWUDJrLW5aNDZXVk42YndtSUxIc0ozbVhjQ0U4RjB5XzI1YmNUSA?oc=5,
Google News,,Liputan6.com,https://news.google.com/rss/articles/CBMiiAFBVV95cUxOV2Z5a2NlaTJYN2ZXMFI2UXJLZkZOaHN1X29PYTI1NThnSU16RjNHanFBS09kRXZnTTVxSDRZajNUR1NDYVI1VWtYeXdfcWlnbnVlYllyaW42VVFkcTVad24wb3NEX1NaaGY2cDBOdXhvc01seFpobXVDQ3FPNTU0OUlBUnBpOEVV?oc=5,
Google News,,Liputan6.com,https://news.google.com/rss/articles/CBMivgFBVV95cUxNbm1WLVhJbUh6a0hYcm40a2Rwb00zWHZrOEx0cHpwb3VwVWdQa2JKZmxSVGl6Wkh3b1l0ZUhvbkZMTHRxM01BZ0FfTlpRR2N3aGJiZEp3YURpMlZxTTY2eVRrMGtGaGlEUUktcTYxYUE2T3p4c0tEQzNBUk1ubTNGWUYzeFROdE1QQkNSNlZRWFp1c2tWMHJMSzNFeWl5NE05T3ZlNWdWd2tqeTgtSDJSeC1xcHhkZzVhYXB4NTN3?oc=5,
Google News,,detikHealth,https://news.google.com/rss/articles/CBMitgFBVV95cUxNZ2VpT3poaXM2YTFGZXV4YTF1bF85aGsyd0xodkdhWlBTRjZMajVUajdDbXlIV01lLW1JLWE2WnZYWG9NTTU0Q09hRXJNNzB3N3pKTnJDdDFtdFI4anp6ZmdLNDJmbjczT1VWcHV4dDlPZElmX0UxcnNwVVU2bVNxNnBXdkVJTnJ6SlhwWGptbmo4Q2dHM2xfMnM0VE1fdmtkZTYzdllGRmxRNkFBcTVOYTM1TTZJZ9IBuwFBVV95cUxNSndJRmR5alRjdDJkMTN2QXU4NGVJMFUtalJoTEpCN3daOFBVSG5FYVV6M0xmTnRoeWx5c05BNU4xcXc0SW9aQXpWTDgyTzJNeVhTd3pLb0JsdEwtLXpaVmdydzczODBHMmhhVVRnR3lnWndqci1OeHlfTUhrVUJ5WE5kQ1BxUVJtT2R2bG1iTk45dFJkb1dWUEhGU0JPQk9QS1gzcTZPSzFOeWVfRWw3WlBTSW1zc0VQTFUw?oc=5,
Google News,,ANTARA News,https://news.google.com/rss/articles/CBMipgFBVV95cUxNVG8tYW5DWGNWUENibmNLTHdzU2VpZUd5ZmdJYjJoZFE0bXItSnR5Yk5jMmJ5V3M2U04tcm9zcnVnUWRuem9QaS05YmNadmRyRHFERTlrUHZrSDdwdzdyckhUdjNxN3dmLTRoLWJZQktkTzVJTGN3RnBUSTJMUDl0ZEVaREdEZHoteG44NFUxcV9JUFdiSmdfSmNKYkZQTlk4SnpDWlBR0gGoAUFVX3lxTFBJa0tobi1JN1lic01lZFpLdnZ6RFAyNzFuVmVpZ0dLQndIY0dwWHdVNWlGUS1WbDBSWkdRNWVNRXVZWmUxQjFYSnZWNkUwNmhuMFdvQ1JjMk1ISGxwb3V2QS1JdG9uTktNN2oxY3Q2TGVXdFJaTEQ4aWpMR0xrRjE4U1d1dnNYZjZCOTVaOHVnMHctTVhyVkJyY1l4WHI2czI4MWhSN2Fxag?oc=5,
Google News,,detikNews,https://news.google.com/rss/articles/CBMiswFBVV95cUxNSVRUNXNFT3B4R25XRWJCY0Jrd3JjbDVJOEpFR2xlQXljVXRzbldnZU5sQ1UyWDlFUkdMSUJtWjZfWnIzSENFVTRLcl9ubEhuakpEM3FGRGtyWFZGWmxKVE9sdEQ3c0otUXhITDhPcEYxLXZTOTJ0YVFlUXB0SUZtQ3RyYW5PNEtYblA4UlVLeVFGTDllZmFXWFpPSHd1a1ZiT3hWclE1clZCdDNTdERZWVBuY9IBuAFBVV95cUxNUllzWEQxb0JaU0pXcE5NeGFjNUl1T1IzazR0WXdRYzFyWUVaVTlHaUZqRl85SFhuSlljVDAzLUZWVWpOOG0ybXVGUkoxdU5ab1ZldXloVUFUSHhUeC1XSXlzLUdrR1RaRmxJQjhWN2hDOFpEVmF6eTYxbTg3bVl4dWZzUkUtUDBqd1doX1FHZndPRGxtXzlOTUNJYWx1OGtqTlpjR2h3Mkt5VDVxRFhHZWE2S0szSnRt?oc=5,
Google News,,SINDOnews Nasional,https://news.google.com/rss/articles/CBMiwAFBVV95cUxNaG50STF3cWRhMHJhVV9VUEo5VFRMZUlYZjJUcWNGS3MtQVlJNGhTSkEyaEFaWHNBN3pxRldncWZuaThWSlJSM2ZjM3JwQmsyajczOE9Mb1RuU0pOaUlNd0VRcVN1Z1ZJT0RCWURkMjRxcjdzbDBRZWRoblliekE2S2F5STFuUDdrMC1fSjl0X0xNeU05SHNwN1IwNlVTeHJfNFRJQU5iN3Rqa2lPam50aGQwc1RFSjVrVzlEOG13V27SAcYBQVVfeXFMUFRjQUdONVVHZllGM0pDY2NiWS1yQXFmWi1aM1QzdVE3MXl3ZW9RYlFVZkxPYnNubHVnU3lNU3JVMzNGTERkTVk3TXFTT0prZnc4RlRTVXY0ZjJvSWlMa0R0Qk1JSTUxamVvYUhsX2JxdzVHRXZlSUtnNEpCX3U4TFpueFlVM2VnTm8xWWdoaDN4Rk9jdTBUaHZvLUV2TmtONjhiM0xGV0Vhc1lWcHNyblk3VGUzdTdkQWJyTkIxYXVhZEpwenJR?oc=5,
Google News,,Kompas.id,https://news.google.com/rss/articles/CBMikwFBVV95cUxPV1l3eW5ITkh2MHBUUnl4VkpJUXZXZTRuNnJXaFNPN2tpQXNDaXJkdXMtRV9vdl9UTXJoa1lvNXJ6d293MTVOQzh6QmRvUnBtRjc1eC1MZmZudU1BRVpuSW1lM0g5bWpsbkN2RGNvM093ZFFqSjB4b3VpOURSWHo1emJ1b3BSeUxwZnVJZnllam1CLVU?oc=5,
Google News,,ANTARA News,https://news.google.com/rss/articles/CBMinAFBVV95cUxQdS15cGJSdEdzWmVtVFo1Smg0VTVQNWkzSW1JOU1tV2JIeDU0VGs0cVp5MmFULU1HNlVHbW9kOS1SMXpIRG1SWnZJWmNGelppRVRlZnRhS19QTTNqN2ZIeHVCRVppUURBcVkyY3BWT2VKLW51Zk5ZSUhQN2ZKZ1RtVUVBc2w1TG53ZUtmLV9Kbm1oZ3EycFRtQmdKTmzSAZ8BQVVfeXFMUENuVGwxRkVxUUxnR2JMd1JLWHVwdFNtU0lqaVk5R0lza1liZEczRjVyV1E1ck1XNFIwak5PcnRTMVJWRjlpR195M3JyTXMzZG9lamluWTZCcVItZDV0ZC1vMXo5bkRXLW9STG1MRHFETnVpMXB3NFJkQjJoZjFIbkRwYVFNdm5XNy1WeGViVFQ2Y2NLVmlYWHZEMk95WW1J?oc=5,
Google News,,detikHealth,https://news.google.com/rss/articles/CBMi0AFBVV95cUxNVXJSVDhzRkZsUGt1ajEyeE5MTnQwLXVncHpDUHdCMkR3alNPYl9iRUZaaUVDeFBLdTlaOWRfZUFYNUhWakNyeGhDcEhNY2FRNC1kZnVqRXUzMEl0ZkdKTjZ4Q2RLTEYtckM2OWpkWmNUM09HVnNCaTVBSTdmajIzcDBPVElnY2JGN2t2SVdOZGphNFcxc25RcFdweXZKa0I3NmpoelYxYXloc2k3bnRuYXlickYxODNiaHkwMUFNSjU0WmVhSlNoR0xCYnZLSUtt0gHWAUFVX3lxTE1LOVhMOVRQWmprV2VJN2I4ODRzQ0xJVTcwV3lsWUJSSlpMU1VkSUw1SHdBOXN0T2themZpZTZNaVB0bGZ2V2N4YWZ2UlEwZm1WUkYxMC1pMUNqYU54b0dtUFV3RnJCM1RfTExMRm9LSmRzY0ZUeTNSUm04Ui1RSjNtZ3VPOUpreldMU3JjTnRCdXhoTDdyTjlPeFoxZTRxandSUmU5Z0Y1ejFlc3lEYzRFYU52Vk9pVFhuSGk4SUJyamNjWFJuUjdSUTZrWDFIY0djZllIMlE?oc=5,
Google News,,Kompas.com,https://news.google.com/rss/articles/CBMixwFBVV95cUxQMXFEZG1CSWRKSXVwQmNwZ2p1U2Z2S3k0NXlsMXdFOTEzSDFQZ2RGdm9nY3VXLWhucTQ4ek1ZNHZ5QmZaeFJxVEozdG45U3ZpR0hjdjVXM3oyODFBaUxTbGlmWnNGTmkwQWNPdEU1VE9OaTBRSGNyUEhnbXJfckNTMmNqV2k4QWVvZzkzVlFLRE9vYUFsVmNkU2lSVW9YRmRZdXdLX1lSbW9VSDBvdThqS2NXUVV0M09FblVaZ3dDaTJMR0Qta1cw?oc=5,
Google News,,Pemerintah Kab. Probolinggo,https://news.google.com/rss/articles/CBMimgFBVV95cUxQMDdPTGVMeVBEWW05MmhTVlN6Vzh2Q1Q5ZzEwWTRqeTNaM0taWkt3V1IyLXVRZlVfeXEyc2pSU0I5Z2xnR24wR19mTjl0UnQtV09tX3pxY0dFc1FFX2NwSU9TX01RU2lQX0g1dHNvY2x1M016dnlxeWgxNk1LTlhqb1JRYkc0QlZGM0dVcDF4RFo0czlNclJfVXVR?oc=5,
Google News,,Antara News jatim,https://news.google.com/rss/articles/CBMirAFBVV95cUxPbi1HRm1QQ1NmSndORHNIVmZzZUpDd2JzMFF1VWpYbmktc2dzMHc0RndRLUlycjJiTUdHZkgzMnhtRm9GZ3pUUkdlUTZ4dmo2TWNBVEgzRlc1Q1J4RDZGRnl4dDI0N3BBYlFDaDJNZElMQWN1dHdHak9hSkYyVjdkSUM4Z2NQal9CMmJDcjN0WFF1bGdwcnBWN1lkTnRUbHplQThpNmg2aW1xajk30gGyAUFVX3lxTE8xUFVoQm1YbVhoN3pxQjhSZk5EbUVvSV8xb3ZaTUJGenNJZjBXOEw1ZHZlTUxMZ216SkttZFdZVkIwQ1IzSzV3SlNZemdPV0JlYWlUcFVMQmw3MGF4TTFHdWNNS2Zfb3Y0Qk93SkdNREZMOU10ZkoxVVVkdEJmbUpFUHAzNV90bjU1YzlvZVVMRWp4RkdvOWhGdE90ZDN6aU1hbmZaQzd5Wlp0Q1N4RnVqa1E?oc=5,
Google News,,Tadatodays.com,https://news.google.com/rss/articles/CBMivAFBVV95cUxPZTRHWEQxdG1XSlZYdHpneExFWHFsRjVTNDlSUjduNDc3MEtBdVBCM2xwa2pvel9zRjJGU29adWxrZzI1ajROSkQ1dGdyYU8yUldNY2hSYklRSzhzWTdWQWNPYXRXMi1hZkdobjBsWE9feldkNDRUUG1qcURsLTROZmFFbHQyMlVGYkh5SVIwYkZULTFob1R6eDIyTFBzMEZacjZuMW1LSGJGbk9JcXI3Rzl2LTVwd05HOVNELQ?oc=5,
Google News,,BBC,https://news.google.com/rss/articles/CBMiYEFVX3lxTE1Kei02UnBBcm5sQzJZc043c0ctY21tN3lKNWdTVnp0QVV1XzZka2xiWXhZcmszdnpXY2d0d1FfOWtWX2tDcHJnaHRoWGFqMDV4eVZvODlOSlM2Z1FUT2hOUdIBZkFVX3lxTE40THhhOVNGYXUtSXRYcG53MVB3SGV0RWxwWm9YVldyOGthZHFaa0tHVW9TT3lvdmZhSlVDX2ozQUExUmh6VlNzQmJoZnhDXzNJUF9TMkRySnpXbklQc2pwRkhFZ0NHUQ?oc=5,
Google News,,Haibunda,https://news.google.com/rss/articles/CBMiswFBVV95cUxNV1JtUVBpMEZaTEpYd1I0eUktQ1RIR0Q2SmZDbFV2dTlKbzFkeGNOMFRzUm1tMUtsWjBFYU9WS3dQSTJ2ZXpXTWpITndVZC1SQUlQclQ5SU9HZmJ0bndOTXUweGlWMVNNakc2TXZXbXJ2TUlWWHctVEVINktfTFVjTHI3NEpDaEpwOG1QTWVwaVpfUzVoVU5ZSkNGUkJBTU9LREFtMjA5cEp4cHdMZTRZZzQ4ONIBuAFBVV95cUxNNHpUVGtOTGVsLWQ5TTVKOTc0YzVMcW9GSlhXMFBWWUdhSldBTEQ4UlVwRHd1Y3VUaDZ2d0xLNVdKZUhYM1NqMGhrOWJKbklWNTRKTUdnUDQ1WWtwenZvZ1B3NkdjMlh5U2VubTFRb3BlcEkxYXQyTThSRm9mRXdSTktJbjZRWjh3VEkzZDdyVHNQbEtMUXFZZ0NqdmFMalF5bnp1dDlOZXdrRktDRWVhdGp3Q2doakFR?oc=5,
Google News,,Polri,https://news.google.com/rss/articles/CBMixgFBVV95cUxOeTZFMmhTZGtuakVNbHotWi1rb1lVWDlOVVgwbGdiaFFjU2tNZmpqR2R1OWc3WUtHVHBDM3lrbDlvd1dtbGwzZXhwMThHUERNQ1BlOFBaQmozRk05ZEZ0U0JUVUhIdUUtZDNTSVQ4TnVUX3hsZThFWHFWZGxUdFNkZ1RNNHBXMHV5elgxZWFQQ0hiaWVUV09uQ0Qybk9uMERiTHByYndyRkROeV9BU3RZWUVsc2pfbUhpeHg0ellEb2JFbmJqcVE?oc=5,
Google News,,Pemprov Jawa Tengah,https://news.google.com/rss/articles/CBMipgFBVV95cUxOR0tZOVVJRFB1cW14dVQ1Q1lXaWotNGNQYnlRc1hGeDlOenI5emQzaEctWUZRUEJQUkJMWndndVNQNThiT0FzSm5zejFNMnlnVkJSdVlvcnpVME4tN2N2dnlTNWpGNzBIRnZVOU44VW12a282dGpRMXl0M3VZeC1UNFhJajU0TWgtMy02ZFF1U1BhaFJVT1hJaF84alVTejgtaFpoNnBR?oc=5,
Google News,,ANTARA News,https://news.google.com/rss/articles/CBMisAFBVV95cUxQLWxnMmhNLTNLd1Rla0lfRjNreW1PR21SSzlWdFp6X1NYUXBpTVcydjhzRjJyQUZ4NHFnLXE2b2pDeDZqX19ienBtQ2RPd0lSaFpidzJOY2NjUkhuWHlkYmE0c2VCTTlQTlhzUlJYSm1QQW1MdGdMUndtQW1TWVFEbHBENE9jbHVMckZ6Tmw1WFMzUjhpWnBRMjRwNEoySGJOS2kzSzhyN3I3ZTVXajluSg?oc=5,
Google News,,kontan.co.id,https://news.google.com/rss/articles/CBMimgFBVV95cUxPbXVNbWdaNmVOOU5jRktFbTV2QTBLLUFPME5IXzRtVE9LNEMxc3ZZd0RlSnBReTlGaVNmYy0zMkNiZXFkYW8yZzdxVHFfQ3lnamo2WnlCSGFCb0lncC1wVlRzZHZRMG5oVVNaYXdaZWl6Rm9RcnF3U3JRdmN1UHJ4QVBMUVlyWHlpNV9CdUpkSGVMMmFlMkVnSmN3?oc=5,
Google News,,CNBC Indonesia,https://news.google.com/rss/articles/CBMiuwFBVV95cUxPcjJNN194c0hlY0dVZ2JSMVgzZUtRZXpQME5NRjNNMkI1NE5pdXVFSmFqRER3Y0N1U2xGYnRRSDBmejcyZ3Bab0RHdFVNSVJNSUFXODlXWWpBZ2gxZW1VU05scmFjRXBZR3ZGWXV4bnhacFdPZUtVOUNLQUZ4UmxhQXV6bjVHMjNydEs0aTJMbExMTzdCemZkdi1KbXV4SUpxTHB1bmplZHN6M3FaeVoyajFKVTBLdVRwSF8w0gHAAUFVX3lxTE0waTl4NGVORGhWNURzV2xSdzlweWpEVGFEXzJ0amZnUkVvRHhOYXBMdXBuNlBSZ29CY1gwMVBFeUt6OFBWNm9fMmNsZnpOUzE5RzA1WTlpb09NRXVQTnZ5ZVN1WVJtTDh3WVJaLXdJUjQyTXZXVXNfS0NsejhhUXNwdUExMnBSdURSanVqbUZlQy1sZWhaeW9BZi03TmkzMDctamFFRkxMVS1WYU53NFhtNHVXMjF5TlNfMm5Lc1V6aQ?oc=5,
Google News,,Kompas.com,https://news.google.com/rss/articles/CBMiyAFBVV95cUxOdnNGY3JtR3JlRmIwV1hIMGdpX083T3lGSE5nUzQ1WURuZkhCQUZkN3Eyd2ZXQU0zRmJRZzBuYl9ScUdyTEp1cDcxM0Uyazc0LVVFcENQYzhKeGZtN0lzNWs1aWFzaUM0Z3F1LWVaN09ic19iT3MzeERjNUlMeGhEQzA3dnl4TlhaVjMwZzVjRllfZFQxbWJPdlJuSFV5blNPWHBnOEFKWklkUVVpcjhTSWExV3Jqbjg2bzltRmoxQ1dZYUFrT0szaQ?oc=5,
Google News,,MetroTVNews.com,https://news.google.com/rss/articles/CBMiuAFBVV95cUxNRllQLWUtSGlUX21ULUdtTlpEYUxkMlJ1cEpkVUhBSko0YTZVN2lLQ3ZmNk5lRElWZlhLUHo1a3JTbkFMY0FTZXQwYVd0TFFjQ0c1LUU0bm5UWmo1WGdhSDdPdnFIRngzV1ltdS1CY3lUM0ZSb3hhLVU3VnkwV0JRaW1WSWNBYlYtUkNnOUpzYzhFOVNqNDhzSHpmRHptX3ppYzZWVDRvSFI0a0RUbmxvOW1BcWtOTXZY?oc=5,
Google News,,Liputan6.com,https://news.google.com/rss/articles/CBMimgFBVV95cUxNYVpRUUNCTTlxRm0wek5pWlkteTBFZldkY1RyMGlHMlhqWHgtdjhjR20wMDktT0Z0NWR2dTI5amIyeEVzT3VWNnBSQU84d1Y0SFVyYU94X2kwbFEtYUhGNGdaQVdON3N4cVBsallfUERRdk1JMi1SaThiSC14SDFqU0hCUEY5WEttTmRESGpqZVlmQi1PNUZDdXV3?oc=5,
Google News,,RRI.co.id,https://news.google.com/rss/articles/CBMipwFBVV95cUxNWGVkQ18xbGNNM2FFaExfR3Yzb0FVb1BHVy05M3RId2w3RmRZTG5sR0lEam45V3ZtWVJ2al8wYWtFa0ZiY1RCeGY2SUdrNU95MU0yd2NHeEVOWFRxbVdXcFc4WGhJT1JnbHlOWGMzeldfVnJ3c2NtdWtOci1KX3NISl9oZUcxcE1GSUtUWmktNmQtZUp3WjU0NkY4REp2ODBJem5QVnF3aw?oc=5,
Google News,,TangerangNews.com,https://news.google.com/rss/articles/CBMiygFBVV95cUxPbWRZNk5ocVpEYXBHdlZmWk9yN05IYUhxLTg0NGRHUGsxTlVPTE9QLU80cG5YQjJDQWNWWUNHb29FdkFYYXRFOUZwdmdiTWJGTWJ4VXlGSHhXdU02bEVrZTAtT2hidXpnaF91aWtVdnpLZG1RMWJXX0RLbi1OZE8tTTNobnU4d1UzVldQcTYtME5mclgzQmFFM1VjckRzbjZ6WkNYQzdSUUotcmJqOFF4a0JXaGFGZHBucDhNM2dqUXBIWHhBZnh3WEln?oc=5,
Google News,,bandungraya.net,https://news.google.com/rss/articles/CBMiywFBVV95cUxOakFEWEREZ01aRnlzRUVkRk9BN1FlUW90UG40UERwQ0NSUWRIUlZSUVlrN216UFhmZFJEbnk4bG1XVW5HTXhkU1dxWmI3dHVpSlN3NDFZSzZQWjFnWlMyaFVuZFN2Q0IxSHI0ZFlCcW5EbFU2dnBQN1RYdVdkZ3VPOS1VZUYwQmdFWTdzcmRXN3ppMVI1V3R2M3NoWWdkdHA1M3VTU2xNX3IyM0FlU3d0b0NVWDRqUlc1NFd6RGlOLVlNZHlpQUdHNEVOSQ?oc=5,
Google News,,CNN Indonesia,https://news.google.com/rss/articles/CBMiuAFBVV95cUxQbFhOMUw3U2I0SW5CWVBzQkZNVy1QTGl2RllrcS0xeE5POVRneldBVk9ISUlRQWE2Ui1Za2l4QmFQSW9qbFVIVFppNVVEX2J0S2ZSWVBHcHZLUG05Sm8wbHJ4ckd3M2tfbW5ua2E2T2UxaUhSUTVsQ1N6Y3ptZEV3VDJDbDNQNEFPc25OWVFJQ1BDclRSdnI0NzZNV09zU0pnU0VfdFFHc2J5MUo0X1hlZmVpVUotR1Jr0gG-AUFVX3lxTFByRmVYV1l5SEZrUF9IU0h1VXU3SjhwaGdQUzhHbXlDMTVXTFNZVFBwZ0VOZFNaUDZMNlEwWFpGNmZvMWNuWmUtS3Z4RGZEcGNGU21iVm1DVWlqT2sxV05oaFZURWUydm85cTJjNzdZd2pNMm84cDBBYzd5Nlh6Qkl4QkxIemM1Z1RLTENqeHZQVHVNT1huZVA4WGh3WjdNQlFiWXJpNzdlNy0zd284M3Jlb0pvU2lrTllEUmdyS3c?oc=5,
Google News,,republika.co.id,https://news.google.com/rss/articles/CBMixwFBVV95cUxQX09YbDVjclpEVUFGNjlNeEZfek1YMTFhZ1BkTC1iZ0Yzajg4bmpyQzBLX0t2dFhvcElVaXVTbTFmMEZrWWFhVlAtUTh2YWY5Q2NHa0hObGhXWnB1UnlHLXBBQk5sand1QWg3SXQxY2gxRlJJSXFVUHFuMWd2RDRkVGVsTDIyQlZLai0yUDVGenQwRFRVaWI1NGg3cGZKYUJXU2dqQWZ4blVkQjFnLWZVdERzak9MMG1yNzZhWjk5d2RRNnVaa2pB?oc=5,
Google News,,Tempo.co,https://news.google.com/rss/articles/CBMif0FVX3lxTE5TcWwzOWxKQ3QyUE9LUUNBbTItbnVWUFVUb2J5RzlLNGdIclgwWGpoVTR0V3pidGZ4U08zUUtnSTg4STNmTFBvUEpOUzlDM3JtLWtZNVV6VjlmUU1tbklHcXNXVTNmc1o0TVZaVlpGdzk1MXZ2QWNFQ0lPOWpOQlE?oc=5,
Google News,,JPNN.com,https://news.google.com/rss/articles/CBMiqwFBVV95cUxQZXFGck82SU0tM2VPaS1jcmZCN0VOZW0tck11TlFEYjdFUnZ6UFhKb0hqOXplX2p4ZFI3X2IxeHZDQVZibGVpUWpSV2ZsUDdhU25HZlBkU2U0ZGpIdDRLWVBmaDlQQXA0a1p6Xy1IVWh4a2o1dGNRZnNxR2VaSU5OV3hPT2tiOERYeXNRbjNUX2RrSl82NjNZWTdEVzZpTWNVUXJFaVhCeUQzTnM?oc=5,
Google News,,Pontianak Post,https://news.google.com/rss/articles/CBMigwJBVV95cUxQYjBlLWhiT29pLWFEY2NIM0JNcVV3dnZRNkZVTDdlR2Y0OXVYaGZVcU4zODIyYmd0R3dkYkp1TUhwd2I5T054bjBRZ2xpUmVzMC1wTE1yclRzV0s0WEhpYWljR29TamItWHBkUElQQ3c2YWNvbE4wazlFazJLdzRVZ2xEUXpMMmM2RDBHV3lPQTN4aGFUT21fNXBEbGVKdlFCYWpGRjYwR0h4SDdndDU0QWVJazNiZEs1UHAwam51X3NGb01DMzE0bFQ4djZXdWFJSlF2ODJ2Mm1Sa2xabW14TFFRRGpNRGlPc0xoTDVoYU8wZ05HV09TZGpYQXJkdXdYVk5v0gGIAkFVX3lxTE83SXBYV18tMENhQzVGTkRMaExUS25ZWjZmUkRrRnR2bTVPcG1LRlEtckRjZTFzdEt1VlNqMkZvV3dNZnFLc1BLcEduUkNXUlZDVmRjNkl6ZkFWWFFMaUl3ZXVFdllhajQySE5YM2hZellBQVVVY2NwY29XSUNkZV9Xd0h2LVBtVG8wMmo1ZXZOVEVFWF96REVveHZ1RGJkeE01REo5Rm4yRFAyeERONm5PQXlEaXRfb3VGQlFsUDVqcFhPWlQyQ1JJa2YxVThuMTdkalJUOXBGZUhWMTJuSlBYRUNkaHQzSUlVV2o2Qm95MmVyYnZOMXBXSEpnYXJDdF9kOHN1M1Z3bw?oc=5,
Google News,,Elshinta,https://news.google.com/rss/articles/CBMi1gFBVV95cUxQWEg1X2xxOWVlNVpvTGJyQ2ZDQmV3d0RaM29vQmlMVmREaVZldjVqOGItQmNfbTF0UFEyN2p6WHBQaWkxYkZTMzRoVHVFTG5LT2xUaUYxSGtXd2gyYnNGSlozTll5ZjhPTzY1eWRYZ005MVNXUmN2dWtXT3E3YXJoanJEZm5WUDJsMnJ5MlNoTWxzWFR2VFJsY0Jja2dvWVBuS0pOZV9seWpFN1NuRzdzX1l2b01pYms2SkRZOE5FOEVqY2JBemhoUUg0ZC1YN3ozQVZHQk9B0gHbAUFVX3lxTFAybDcwMG5FRHVEYUpxbGZJc3I5ZFYzaDNDdnNoYVY5MFprYWh0U3pBNUZnd3F5bUNCQ0dMLUF5bnNuYzMtaFZsQkZWTzFBWGl5RmJnaW96ZlF3NWtoTFRKVnRTSTNzclhUZTIzb1Q4SGY2UHpyZXpOb29VYmdrX3pCOVl3Ykg4SVI1U2RORXJMTjREaXZNaTFweUN4YkVJQjRkdC1EaEpack85SVlkWU1yTjZkd01FTG84TnpGSTJFVVhpdVZvZFRxUWQ1UXVPQ2NHRGJSXzYwVWwzWQ?oc=5,
Google News,,IDN Times NTB,https://news.google.com/rss/articles/CBMitAFBVV95cUxObXJYa0NtZWRubjB0R01YTWFORF9zdVhJOTFZYWI1S2Vzek94ZlAyb0E2UTQyc3VfaENIT0xuWVJ3N0VHcUw0NGlmaWhWREdKbFdoZ0FJakJoZm81QXIzVUVGMFIwVmhpUWJ4dVZNWnZIaVl4VndERnlUeHlocWdXeTExcHVyU1pEV2F4cURYb2psa2NRTE54OXlvSlFydWNGX3JmMWRZbHZRS3BhQ1JKeVA4cFrSAboBQVVfeXFMT21lMFBNZmMtYXMwdDM3LUk2MlhUeHpORmpUTjBUdTNJNTJnazdFRGQ0bmQzNEVfSFBmTm5QbXgzX0Z2ckMzTm4wczdkdkVST1ZQM1IxdmlHSWJBbWpCNXFfZllzTXV5RkZnSXh0VHRDNUt6b0JnREYwLUNIc1pyQk83WHFSbFZ4T0JxLTl5cDZMeXU3LWhPSkhERXlSQUg2OVA0ZDhiMmE4TjhpVl9GeUpHbzk4Q1Z0UVh3?oc=5,
Google News,,investor.id,https://news.google.com/rss/articles/CBMiwwFBVV95cUxOWENYOVRlcTBTbzNHdlNWaGt4VlFJZjRxNHc3a3VnaTduZ1NjUUFPVy1vNEpwdThhQW5IQXFZZEJZY2hQalN0TjNfUloxcnRWZG11bDdiZ0w0WnJYZWNCbTNwYWl0c2hVZlZPNkdnM1Vka1pHaDlmWUk3cGlmdU9FQ1BaeFotbEhUQWxHcWZZZWxaSHNhcm9JN0hpUUdiN3ozVDFRYjRBU2p4eTc5YmQ4djhVNk5OdDdpS05Pc3RFZWlGUzQ?oc=5,
Google News,,suara indonesia,https://news.google.com/rss/articles/CBMiywFBVV95cUxQeC1wSUR3SEp3c0VacGpPSllJbGVtNHRlbHJEQ0NKVjMzU2phSFFGVEtxM0c1UnR2eWxidnhTcFZ3SUxNc1dEVDZ6X1ZVbHZ5UnZFSUwwcFl1ZFJQREl2YVhqUjdaLXdaM0p2SDVRYU5hVmxHTUhYb2FYX3hQM2o0SDR6T211N0ZGeG9wUXZ4Ui1vdlgtWVVkdXF6NVFHTFZCNG1hQm1qbDVKelZJM2Z3azczS1JjLU5JbUFjUF8wUjFaYjJkR0YweFhma9IB0AFBVV95cUxNaDAzX0hWRGQ0ajVQMkpBb0dRQ1V1Nko5WElHNGpTY25aX0FHNzVjUThrb292b185VktHd0dCX2x5bExaSlFtblBZT1NVR29PZGtnU09md2Z6YUNiZzhjT1hUdHpEQzlaY0sxYjc2VC1kbjJHSGh6Q21MZU9WRUNyd2daQndXTU5IZE0yZkZzeHBkdXU3T19pdFQwUmswS3Rab01IUFBXNUpidDlFeGNnODM4Z1FBd1ZHbXo3dDZlN2R3N2RYTnEzTkdaWHhmTHhI?oc=5,
Google News,,TIMES Indonesia,https://news.google.com/rss/articles/CBMiqgFBVV95cUxNY2RnZkItdXB0TUpIWkVnRVR4ZzJ4dW9MaTdPSGpoVG9ZelZhbXNaZnY5ZEpSYUdEajViNUNBUUJBQ1pzSmdPRDlBN2JCVjdfUHZnb2lEcVltVXpHQ3BCdlk1RjRlUm1fWUsxVmVaTWhjNDBFRGF1WGQyYXhucjBSb0J6cFA2VUdBQWtVLU91VWtmaHRqS0RvN01fc2ZvRHQ0T3FqbEs2SmdiZw?oc=5,
Google News,,Tribunjabar.id,https://news.google.com/rss/articles/CBMizAFBVV95cUxQUUVDVmZDaUxtblduTk9wZEtDNE00RUpXbjBBaFlIeW9NdnBYeGZxWE9DRFJuQlAwV1gyLWNqclZlelkwaTI3WVhTSEotOW1ZN0RHeGZxbExkZUlsSGttRkJrSTRoTVlOZVdLdXYwRmpGOEtldDR6bF9FcC1FNXNSX3F3WUhXb0h3VXp3OGJyRVZQVXNYYy1qREdWckRTZU5MelFWZ2JVWWJsT0JpbTBhSzhhTkp0YVJTZUZRaENNTjFVVXQ4UEdJdkZqQjM?oc=5,
Google News,,Tirto.id,https://news.google.com/rss/articles/CBMijAFBVV95cUxQZ1F6X1N2V2FCdGdGU0hxRFZfZFFuLTdaTjFxZXloczdlLUR1VTZPT3ZQTHhzci1QY19PVXJWZlJWNW1GM0N4eThGTjNCN3NTRmxvN3NQWHIxREpxVU1TYl9GdjFSOHpyc1lVaEFCaC1Ca0R1NzdRQVRqcEd5el90OC1nOXFjUC1TdlhMMQ?oc=5,
Google News,,detikHealth,https://news.google.com/rss/articles/CBMirgFBVV95cUxNNjRBMGZmMG9PTHBYMThxQXlZamJMS05NTHVYTnpZZlJoZmVYYmtVQk1vak56XzM1V0ZCaW5OeEpxaDZfUF9aTDlPVnlKTnBSSHZLMlQ5TlZJWV9GZ3Y2VG1iNFNsSVowMklNYjR4VnRiU0xqMUpadU9XMFpCUllRWExpMEFXVF9OU3VrZTEtMXk5YUhvUlM4VHpUTEdIMG1JZmZaS1FQaklXb0xVdlHSAbMBQVVfeXFMTno4X3Q1Y0RSZ2o5d2k2MmdzdTBoWkJZaW1VQmJ3bDROZzludzZraVBvcm1xVDZPMFZ3WkRtSmNnc2ZPeE0zVXNwSWJteUc0M1Y1RklqOVAzRm1FY0FyQllzYkh5YUoxYXNjcWs2QTFfdVRwM2Z2QVE4YzYxODJSZUtzWlRjV3FLWHNwYVhwZHIyZlV5VExVR2VxQ01xdUdsN2RYcVpHUjRNUDBraFpLbGNuUUk?oc=5,
Google News,,ANTARA News Aceh,https://news.google.com/rss/articles/CBMiqgFBVV95cUxQSWE2eGZvNXlBRTNlY2hpVWhJVUNUcXFuUjcxQlRfZGNzTEZTVnF1ZEJveG1tUHVLSU9ta3NGYnZWOGVlY2p0WEcydDF2LWI0T25GMmsydjBKc2Ffc2hRV201b0dzMzF2Y09DN1RmejFMeGd0ZTZSV0R0ejc1UFMzRHpOOWdkOTBER2dOeFFLQU5senRZMnFxZTJvUWJpSlpyaXM1Zm14UFFhdw?oc=5,
Google News,,ANTARA News Jambi,https://news.google.com/rss/articles/CBMivwFBVV95cUxOczQ1Z2RGNUREa0NPajRjaHF4UUQyUnFPcjhYbkxiMW9kaDNyaHlHdERIVWE2bmdLMGs4V2NCaXdxNzk4Nm54YmF2VE1hRXJuYjN6WVYxRm1RMENaX0xlVVQ0cnk4cFRFWTRXR3NfbTcwbUhxNU5pYy1aMktFN2NDbmh1STl4TjdyMTllazE4SzBlVlFvT1VQSklnYXdWbVBGRmZtLUF4ZmRST1hjUkFDOTMxMm5TdmlFOVdMbFVnONIBxAFBVV95cUxNbElHTG40RnlmMnY4ajcxVWQycHhRTVVBdE5obzF2c1diRlNJT1ZYSTczWC15QzFSSXVjY2NtRm92Tkp1X2lOUmJ1SUNPazhKd3hLM2ljV1V4czI5V0pVQTJlSVB4OFQ2dTBxaWhnendDdWFWLVFtdjNzZFFsS0ZkUVJ6bWh5c0NUa3dxdkV3b2Y1VXVmUjVNcDZtazZ0QWJYUkV3aVpsN2tvYzFfRmVXRlNzQXdDeFZEVk5McDR1QzUzaHJu?oc=5,
Google News,,ANTARA News,https://news.google.com/rss/articles/CBMimAFBVV95cUxORkZMZ3dJVEx4WFBWbTN2Y21TNlBkeFAtbk9FOC12ckVoYWUwd2o4UzlKcnlEZjIwam00VjBSOUlFZVBaek9jTDZvZDh5VEZKT0ZnbTZsc2haMDh2bHJXY3hlclZZOXQ1UGo4VlAtTm1YVHJXZ1BzY2FQWjBtazVEVlFFeDk1TmNRUXQ0OXZTSXQ3ZGRoUmdCUtIBmwFBVV95cUxNWWllWmxkYWcyY08xa1pEUkFCRDBDWVNaQmNRcDZveHZ5NUxVYldKOU14WVJYRWY1OVEwOXZyOUJSMVVtVTVDSldoX0tjLWVEMFVhRHNxVnZOMXZ4ZWtTdzNJT0R1LXZ0cGNCeHV0N3dwbGp6Q2FxaERUaUFLTk1Sc04zUXJtSFRFV3N6OTJueEliaDB0NmxrVVkzUQ?oc=5,
Google News,,ANTARA News Gorontalo,https://news.google.com/rss/articles/CBMioAFBVV95cUxPcWJnaDBJYzZORjViMjVla05GZGg3UEloalgtQUhCSW5jZzluNks3QVktZHBzUUZ2ZU14bk9OTkJVeHBEenFNVzB2YTdKTl84RFJHT0p6bWVqWU5hUzNDTTlXRVlvLU03RW9ObXAzMWNzMHBuclVyOGdZNlloMFJFRENiU0NXdzlxUHo1cTBtemZfRG8yZ203ZU1CMER0SlNF0gGmAUFVX3lxTE1pZzhlQVdFVzM1M0J0Qm1uRDIwcDRQSnllVmRiU092VVFKS2JCdEl6M1dtc0ZaV3RmeDFTbHlSUlJjdWpEWnpzdzM4SDJnRUU0UjFTTzMyNTREYU5vbGI0c2Y5SDNzUHRMNkc1bHZNemJlYmNSRWUyOXU1V0ZnZm9ESlpUNjNIb1JRUXFrUWRuWHJaR1piMHdLbDhnQUU0WkgwMHBncWc?oc=5,
Google News,,ANTARA News,https://news.google.com/rss/articles/CBMirAFBVV95cUxPLWNteTZnUDZlRDdBWndLeFRaMDRuc0hibzRpcV9maDBWRGNLWnJpZ0l4SEk2cTNxRzR3eU1kZDJMdm1yZm9ydHM3WC1oWVl0ZUZ6emFlRXVYSWpSUEFuRzhQRWtoMmdnWWJnUVVma1FEaUV6Z0dGZV81LUpLZGd2a2hRMFpWMlJUUTQzQksyRk9jY2ZHLVBXYXhRVWp3d05DOTdKRG9oaThpSzZ20gGvAUFVX3lxTE41aTNyQjgtZ2tWVTVVVVFEZkstXzl4MDJWSzcwTjdQZ05ZOGZKdFdmRkNzWGNFS2JEYVo1QVJPelBoaEVBM0pacEg5emlCeC1TTUd1aVpBM3RNQlgtYjNLM3hzLWpNWHowYnhHTk5nSVRWcGFseksxaVh6Zko5bFRMN2hDNm5ZeFB5R2lSMm1OVWV0WVdKMl82MmVtcEMzcXRUb3loVXIwLUxmMVF6bTA?oc=5,
Google News,,ANTARA News,https://news.google.com/rss/articles/CBMimAFBVV95cUxOQkZUaVFheGpzSlBDV05fV2FiLURvaU9HMWlweUI3V3JreG9fYl8tSkN1OElqNlZVZmhWLW92bU8ycWhBSkl1WDNnTTVQYjhqLS1kWEVkRFR0dlMzSTdKTTMzWTdYNDhWRVJQWHFfdTZtTmZXZXJITFVjc1MzRm5WWFhLMVVTUmEzTkRVVnpTbjZiVWh5bWxjQtIBmwFBVV95cUxOdkx6NXYxNWVSSnV4am1qU19mM3FaSmpINDhwbEtPRmxVVmxiazU3YmhLQ2tQOXRWX3d5VmsyTFJmcU9KMlhNanJFLU0xWWlNZVZ6em1lLTI1aS1iNkltVk44UkQwd1IzZ2tGVzhFMjhSQWpXU3NYanJSNzE3Tmd0VEZkNXNTQlA5QzNZS1Y4N0o3bDVtSm9FV3JFVQ?oc=5,
Google News,,ANTARA News Gorontalo,https://news.google.com/rss/articles/CBMiqgFBVV95cUxPQ2RJZ3RBQVBEQ1BWYWxKczMwemhoNHlFWXNkakY3V1h1aXFsSkZ6eEJvTjhBZnNjOGJGSndVT2xBTXFZZmFqTk5FSEZCZFR2Y3E3Zl95YUxfMi1EMzRESmlmOV9RMFJIeHpBSXl0NnJPZGg4Ujg0bnZvRHo4V1pfdmNjcnhHdzQwTDZDOFB0cndYLW1vcTk2YlFxY0x1aW5rX2JhZTJlSHBKQdIBrwFBVV95cUxQLTItVDRoY241a1dKdkx0LU1LYS1XLUZmTXd6Q2QxdUNGWFJqX1lLT2J6emJsMEk5LVhhUV90UmRNczRoMnZZTUFLYnMyT3d6UDhQLWNsdEEtOVVJMUpLbG1sZjJlOVpOMXItOUNvMnoycDRTTG5zYjR0a3ZVZU5HWTVNbzZ3emYwbVpZRUc3Vm44T2JBRnk2TllYeGdHbllDYVZsTThFYmY1cGxFSjlB?oc=5,
Google News,,CNBC Indonesia,https://news.google.com/rss/articles/CBMiwwFBVV95cUxNdnp1RFlyalVLVlRNRDRJaGdNQ25DNmFwdURUbVpvUmgyOXRKdE1fcWxEZGVJU1hmNU5sRS05WTV6c2VjOXJISlEyNHpncldVY19qaGxydmVQSG9fcEthdDExbmE0YnVUWDVNM3FSS0FPcWtZZEljNk83cGxNR3lleFlXQmJ6TXpWYmNqZzBfQktSbHFic1dGRElDYzVzYzdkLWRMdVM1Wk8zcE5weDFBaU5ZTFljMTR3WVpsOEhINXdrOW_SAcgBQVVfeXFMT0Z1blhxbXNKUmt2dkczNlBXRHc0YUh2SU9FdGpVUUoyem1SMFBDd1psVDFDOFpSUUFDaGl2cFd6alFSR01RREs1ZV81QnRTcXFkNklrS3ZjcTlpNnZRbUEzVW9fRDBubGNEYy1kY3pDOXhZTk5Sb2VZZG9zQmctT216VEFCbVdXNlRUQlVYdWhFSFB3UExJeWJ4a2htQWFnaFpGemdTMjVuRVJCWlYxTDFaMnFWSk1qQ21hNDhDelVTZWk1SDZpYnQ?oc=5,
Google News,,ANTARA News Makassar,https://news.google.com/rss/articles/CBMingFBVV95cUxQSHA1Vkl1LW83S0xWSF9waEtjZGVpalNONmNMaGM5Q1MwRnNIV2h6U2l3ZGFjeFhlUXBZNUtjc3FXbnp5Y1FDMnQ1N1JpUzBUQ0l0WTJPMGRWRjFfNkJtVWRhTGo2cGNLUnNFNzJCQXAweUFESGdhaFRrVTFIVFBlQ3BabzZOQ2pBMHVtalhSN0MxOXBSeFpMLWd1Y3ItZw?oc=5,
Google News,,ANTARA News,https://news.google.com/rss/articles/CBMiowFBVV95cUxQekQxOHRETi1Ba0lHbDFKaDlJcmJkb0xsRVFtUU1yVUJCcXVtOWxrVGNPTGhCejFwZ010bWNBdEFuRjF3THBRcTRFdTQyYURONkZJb1BiNmxVd2kxb3ItdDlaWThYVW91UHhfTG5nOHQzejFoc0VjUmxxWU5qUXJPem42dk1GcUJzMnl5QjNKVzNYZjh2WHN4MDlVVk9CMXRDY1kw0gGmAUFVX3lxTE9TQmVQd2U2ejdPVHU0a1hoUWRvdkV2MGc1X19aSmdtZmtuWlc4aHU0UXpCdUFwNmF0RVgzTWpRbXpmNkFyY0NCd1RNc3RhSVR1YTh4MTVTNFlibi1sSkVsMXFmbUplUTZyTWNWZlpMMzFfYUZienBkZTBSWW5kYnYtWmJ4MUM1TWE5RW9fUEU3SzR3WUFZTEZFcjl1WTFEUXJEdHJIVEE?oc=5,
Google News,,Kompas.com,https://news.google.com/rss/articles/CBMitAFBVV95cUxOX2cyUW8zN0VMRUhYMktVdTZUX3RvT2FoT1dkVXZ2ZUNQbnp2VjZ1empCai1qaGhkOFZYZTktNjlYNWRqbVpVckZSaVF0MjVCQjBVOHFScmd2N1Vqa3JDVFF0YlRsQ1NoT2twUTE5M1ZYeGhXNzg0SUtqal9Mb1hjWUM5NFg4ZWRyUVJrQ1BSYTU4Q0lUM2RtcnY4OWxYbU11V3Fia3h1OW5HUl80UnVDOU5XUkg?oc=5,
Google News,,detikNews,https://news.google.com/rss/articles/CBMiowFBVV95cUxPZEg2UHFDODJPVE1DcWNYVTNkZDlEOTYzX2dCT1ZxajJWZm90el9GTDM2VXEzVV80b1p5Q0txVEVBYnVjY0JHaHA3WHlUR0tqOXNPM0JNNmxLRFVrMFpkSVhrc2w0QkNFdUh1X2wzSFVTR1dvdl9IdU01SlNQS3hXUzVXUkhyNHlXRzR4amNSYmhKdVhxdXZ4b25TN2ljWGVJekdR0gGoAUFVX3lxTFBhenFJbGdBRDliYlQ3MW5aV3VqUkZhcngwZjdidE1KdFE3OV8yM1U4MFJmdXI2bG9QYzd0UDZvcnc4RDUwM3E0VFJWZUlaY05vWHh6b1RxUzFOTU9RanpGc2NFV3ZTcXl3M3F1SE0ycHVpbXA4eC0ta3VvQURBdVdERzdoMzR0VW50RUhGT1doVzZMLXZvaHVtTnVRZTg2XzItWl8yQWxnTQ?oc=5,
Google News,,RRI.co.id,https://news.google.com/rss/articles/CBMilwFBVV95cUxNcnFkT1FoSm5oS1dxOFpkSk9tclFQbFFEWTlSajI4TnFQNmZsNGZ2aEhRNUVQaFpSdi1helNYX3VPcFhISE53TGhZSlBtdjVMeVJ6QktEMndQbjZKdFFCLWxNSE5rOUdieXFJMWo3ZXB4V0RWbVI5MkJoeG5nMmtlUVdmb0p6MXRLYWMxMkNqVkRveXd2bkdv?oc=5,
Google News,,ANTARA News Banten,https://news.google.com/rss/articles/CBMilwFBVV95cUxPbTM1UjVHUDRUblJVM0Z1NzhjU21UTzIzRFZJRm9YV1hFbm1iUXBWa0gxZjFMaGRKOVpxNkpvdng5SGNjNHR2bDBYdUtKa3ZCVDdQMnVNc2RXRTg4czBLb2pVTEJSdHlKWkZ1RVdSWjB5ZWdKQUl1RXlMWFFubEJKSmlQcS1aY2dMSWFJMGpVNnRkNHhKS2VJ0gGcAUFVX3lxTE1jZEo2d2ZqSUp0N21iNG1YZDBKaUF5dW94MGtkZjRNSFUzc3Q3bXVWMWdiR2hBdW1jY0VOQVdOYkp3VnhOaGRoeFQ1RTU4RFBLVHZUNUhEM3JmTGxHR1FyaXdOOF9sdkszbU9DNDl2ODZJVzJvQ0VDZFg5dWUwMGZoX3J2dXdfMFlwMENqWDlKY3gyenZuWHRmZjZiZQ?oc=5,
Google News,,detikNews,https://news.google.com/rss/articles/CBMirwFBVV95cUxOeDE2VWw0UWtMTnByek1HR1A3eFFKb0doUFNJcXlySGJIcVpFS1VaMkJheXlENmtNTVFsdS10SkJrcmh6NDBRN3dKWWp2Qk92U0JhTUFwZ1BuMGJyNHhzclFreWhpWmVYSzRGRW1YNWllbGdkQy1oSF9rR3JwLXFKbU5pZ3ZlakxTNlg0SlFJQnNHeEZBMm8yODRIVkxTZEJlemxvWWYtWVRkMC1KNVdV0gG0AUFVX3lxTE9LemwwNUVSd0lWRDIwQTJwNGJEQnFha2NRSFdGQnMwRXJhRTZENnNjcEM3MXBDeFByTVA5Yl9mREs5TUpnYXVBOXNRbUZPNU5ub2RLRmd2SzJydG5VRHVyRklNS1JqcDhjbUxxUWprSlB4UEw1MDk0Y0d1YnRBTnYzamp0RG9SLTRaVXh6LTNBNUFNWTZVT0JSMGcwMTlURU5faUhLZ05IeGRsbWlDbngxUEJxcA?oc=5,
Google News,,kontan.co.id,https://news.google.com/rss/articles/CBMijgFBVV95cUxNMFZwQXhoQS02MndwSS1HOU10V2ZVc0Y2NEhXc29wUmZESVpGckZ1djZZd1VCbGJGT0pfeExRWEZjaTdDN2dmblk0ZnlyYTI2V0xjdDhnT1BsdUhpLWtpd0h1YVphNTNDdmh1Q0d4Y2hiUXZYMG1NZFo1S0hSZ3NoRjdGOGplMDFWVV9udU530gGHAUFVX3lxTE1hd3FmSGhSRGUxRnBvQW9nTlhJcjg3RHZLTUpkemFjS1AzeTEzbDRWdUhjNUV3Zm1kbXFIWXVTUHFXUUp2QzBDWWdOc1hLeVZFdGZpODh0dkFnWHBhdUhyUDl3bmY4TlFmT2hfVXZtZkl2MlhGZ0RyalJ2Y2pBLWFjT1hvWlJTOA?oc=5,
Google News,,Kompas.com,https://news.google.com/rss/articles/CBMixgFBVV95cUxPVVU3a3BBOEJsNzBhZmJfVjdtLTEwbWtxNUFndlFCT2JRRXVDSDVfR1RFeXN5WFdPRnZiTDdGMWpMSjhVaF8weTZXWU01eVJLb1pBRTJ0anI5U09VMXhkc2ZYNkwtNUtGRUVGczFuVjlUckFiN01tdTd5Qk9wOXJaUS1QMFR6Y2d1NEw1aDBxQ3B1MGNDYnJmeEpFWkhITi1aVUhBUnRwRXRZUmFkeS1PakgxcHZiREUyc0dEODNTSHFsclFOOWc?oc=5,
Google News,,Kompas.tv,https://news.google.com/rss/articles/CBMipwFBVV95cUxQMkFOUlQ2SmVOTDNiM1llRHA5ejVCNWlUb1ZuSXhzQjR4YTFSSm96c1B4UUROU1NRUzd4dWR0b0RqdVoyS2x5V0ktU3YzX0hqQml6RC0wZ3pGWm1HSXFxUHBPOHdJclh0SU0tajdLTVNDY1U2a3NNOE5LVE56eTBuVEZfQ1VNS0VMRmhJZjVlMzFVUjhka2ItaHdDLUM4VG16ZVE1bTNPTdIBrAFBVV95cUxOQzItdzFDR3lvZ2wzZFJlVDRuNHhYUVVwQVNKQ214Zmt6U3B5R1prSnlWVVgzZ1V5NTNsRUtKdjNtaFNwRWx3NjJKUm1ZMlBmMGZnQmx4SlVZdFhCNXdzX0p2aExjQ2c0d1hqR1J5alVjRVk1dGRQV1BPUnN6RVRJbmlWb2N6Zkx0SlBEcThEbmtsb3N2VV9CQlNZRG5McnBKTnh2WHlSQ0dSZVV2?oc=5,
Google News,,kontan.co.id,https://news.google.com/rss/articles/CBMimwFBVV95cUxNNjhIcndidUJGQkV5RGZVdXJpNk1kVnBUQVBFX2N2bVZ2dnhUMXluSFhPanluSjJKeDVOSU54RExaN3BlTFJSNmFYV2UxLUpIVkNYYV9BaFpnbV8zWDJHZGc5aU9lSTM2OVR5MlI3Z2JsVmNsRE5NVFJxYVM2VEoxLS1vMXVSdDNVNzJSMVMzd25saFBETldndDlqb9IBlAFBVV95cUxPelRuVE90QndraHpZMVhnZXdZMGtYV0piZDJ5Qi1QZE90YXRFeG01eTZfcGJaWlJZREpFMEZwa0xCNEwtTC1jMmFmd0VlNkMzTnRxZ3dmR19aYTBZcGdxdEpjN3k0YWhXbk5PRDlvT2N3RWRaREVpVWZUT3U4WXNZVnFCdFlKa2RHcTk3V0FkaEFUeHgx?oc=5,
Google News,,detikHealth,https://news.google.com/rss/articles/CBMiwwFBVV95cUxOcVpuZTNuc0hXa1J4M1dSY3YydWhiV1BvQ1hBVjR5U0hZLXZnODc5X1dyNk9hMjMzX1V0NHlvd0RMSENuaGk3UEF4MU84TWhWSDNrZ0tYWHIyUGRhMHd3YzhaWXkxRTJDYmZ0aVF0b2Q0TmxMXzI4aU8zeUx3akJDSkg1OVZwZi1WNVVLTVVvSGM2U1VGY2V1ZlFIbEtKYmcwQWRpa1NycnRYeVhzRkJLXzFpdUxSMWNFOURYMVlFNDk1clXSAcgBQVVfeXFMT2J1MVpoVTZmMlNuWjBXVmNTTldqcUFkVGhwZEcxUEx3eHpnd3NlOUJ5Y1VkWm5WdmxBbGZyclJ1ay1kWnNfNHI4NnhGX0doX2QwdERnYmdsZXZpdG9kYzU0alNvZnloMTJNN29oWnRhYTNBeEF5b3ZQZ1h5a3UtR0JrWHNHOHk1UC1PY0VMNzFscHJDb3g2Q2J2SEM3UU5ONGlqSzMxRUhLMGRkZDF1T0hCZEtWMVhidEZ4T1FsWmVfOU04Y3N3Snk?oc=5,
Google News,,Liputan6.com,https://news.google.com/rss/articles/CBMirgFBVV95cUxNdHlWNGoxMkl2RGhTa3F1ZnYzdW1xTnZ1MHhhNk5VbmU0ZlRxZTEtblVrSWlCZzVUbXhRV09KS1NTZm1HMGtieHB2NnBRRVJmSHYyd2pRQkZPM29nMF92bm5QV29yTkgxUDYtRWRJQUNLUXFySVJJVVFxTy12OXRDbF8tRVdmVHNpZlhGMjZsLXF5VzBIdnYxMjZFSC1Ca090dFdmeFN2UjZCX1BleGc?oc=5,
Google News,,Kompas.com,https://news.google.com/rss/articles/CBMipgFBVV95cUxPekZBb1g1emZUVW0tY2VULVlSVHUyRVF1SWlqLW5vNmVoa1dXT1g3bF90cWdfZmpwRW91NnlrSDgxWFJ2MEtwS3lZXzFSUkI5S284T3pja2pLeWthTURrZ25YMEZHNDA0QVdZZEJUT0hxaTVTdUF0UnVEVEpQT0NGTzMtc2gxTjN5dnFlMmxSXy1uTmxBcXVBY3FqZ09Qa2hCenk2YWp3?oc=5,
Google News,,CNN Indonesia,https://news.google.com/rss/articles/CBMiugFBVV95cUxQTUY1d1h0UTRSOUJycEU3b2FJQjU3YTJ0ZXRYUVhhcXRmRU13Z0FaSVNhZi1vbW9hRE5oeFV6Ykw5WmRRd0RLd3F2UnFHSVlBRlF2eDRid3EzeWppbXpTbjNiM3hsNDNaRlpHQmZMbUVLZlZ0dUd5SFJFUUg2dWpsLXZENXBPcENmOHBMakFoa0dfY3lOWTFDZTc2UE9LQktVZkJvRmNzWGVfSmV0WUxPRkdDMzN0X0plN3fSAb8BQVVfeXFMUDlPaDQzRDhYR2hLelhlVjlib3BBellSSm1fQjZ0YXFWY05tYWdRVkl4UVM2cERfZjdlbTR6WUd3dkM2dzQ1TFRmb1BCcExLTnk1Ym9jNHQzUi14My11eVhrUWlEQXFaUllPQ29KMXdRdEhHYVdOS3l2WTJvbl8tWWVKWkNSVGJWODB2MkNBbXltckItcFp0NHZjdkNUbHN6Zl9jQUhTUTdIZmFTVUZsUVZLWG11R3J4WWduamtBMDg?oc=5,
Google News,,Tempo.co,https://news.google.com/rss/articles/CBMimAFBVV95cUxQTk5ma3ptSWRoaVM0VEJGZlcxYWdyc2FRbWk5aDhLc1Fzb2NRcUJ2NFZKNEtCTnRIMFNSLWtuS2NsN3A0dGJHQzlXSzVYRGo1Nk51Z3ZkMF9oNGxuZUNid05PU214UDVCTUdGTnNCeHZjM2dPZFZuUUZfTFg3aGpvZ29yWjFVUll3T3c2QlhRSGp0T0dZeEFjZg?oc=5,
Google News,,TangerangNews.com,https://news.google.com/rss/articles/CBMiyAFBVV95cUxOMXA5dnRtU3o5SFJqWmIyTXRQRWZ0ZnIyRnpFanI2eXREZGZtT3RLbVY3MHAwYU9GbWp2REtxMlBKNkNESnA5TkEzaHF5c09KaGo3V1RQYVFJSUZDYmNqVTJMUDRNenZiV3VHeGtpQ2xra3B3aDZfODROY2huLU9TWl9MWW5TcWdlbjQ1MEdMeFZrV19NMGJhSm5XNjdYSEFZSGVmNkxURlduLVNiRUlFeV9HYk1aYU01UkxzbWtzVjVQdXVmbURrZw?oc=5,
Google News,,detikOto,https://news.google.com/rss/articles/CBMilwFBVV95cUxPUThwNmVYa2NiUmZRbElDMk0yZzI5QlFxcGpqM1IwVHZCTHNaVmdCSjA0RlFtWkVUc0g0a1BWQS1ZMXdpMTE3MHROTVBISzFNWjBvOWVyYjV0NGplMzlGWGhRQTlfam5IZEozVTJUcnhQc1hQaUw1Ri1CaV9POGI2V0VfMHJOUV9MdFZIRXpsT19VdWNIUXJV0gGcAUFVX3lxTE5QRG5YNlh6cHZEZ1hTZ1BsczFtSEd0UXFnZzA2emtCN3UxUHdfQUZ6WEVfLXN5LWxxZlFQTEo2YTlMTTM2Q2hvWXpTTUQtOTRLd083NzRvaExnV3AzN1lxTVNjd210dlhLVDAtRTlEODlnNjYzcU5Yak5ybUlIZmZDdHN6b0ZXMGptWk04bzU0UDY3Nlh0QmNrZ3NxaQ?oc=5,
Google News,,RRI.co.id,https://news.google.com/rss/articles/CBMinwFBVV95cUxPcExtY2FWYmlxQS1xRHlhT0o5dW1tYm9wNUdFbGh1WW5DX01SNVo4UUQyZ2xPMlU1ejRGeXpoekphNnlESGdCakZsXzY5ajFvbDlmQXZKT3ZXaHF0eTJUVktnMUpVR2tSTjZ2MUlJMi1SMlhaMlo0ak9oV3dVeEd6d1M4eThfUGxiRGNpeVNxc2ptSzF5R0RhWUdrTEFuMXM?oc=5,
Google News,,RRI.co.id,https://news.google.com/rss/articles/CBMirAFBVV95cUxPQlhKbGRCTFdMbG1fUEl2SW1idE5lVnlGUXVGdnU0T3hTUnN0bTc3MHgtNU9sbVZlZy0wVmNGdVR6d05BXzlpTW9NNFZmVW1ySldsQ2NkYWcta0tfQ2FuOTFuM09WS1VuamRmMTB5Uk50Mm5SZ3dZNkFiZFNORmp4TDJPSndselljSkRnWmJNQXFyV2EzSVdGR1otSmowdlRuWW9KV1FzUksycVJ0?oc=5,
Google News,,Kompas.com,https://news.google.com/rss/articles/CBMixgFBVV95cUxQWkJMWTQ2UUV6VTd2YTF5XzkyeWF6dVhVWVo1SlZoaDFOWmE3Z3JEdXZYMm83OWFxdDkxOXpQZkZ6T2lwWTl1RG9JWmhTRjlwSWIzQ1J3YkFhTGpnLWlOWVN5dkFueXB0TExLdkJtaXNYZEwwVEluYjBzQldrR0lNTC1sQ09mUzBYNlh4TzRUTFNXUjFCRVhWQWU0MFdfM1NxLTNBMjhlNXNyS3RWdktiV2U0ejFzTXpYWFhJeE11VXFQV2xvVGc?oc=5,
Google News,,ANTARA News Sumbar,https://news.google.com/rss/articles/CBMiuwFBVV95cUxQRjFPMURWOGZmbTFsOHVsRWZ0dmF5cTdyVDAzbDA1WE43NWdQMlZVbGw1cUNfdnF2eUlKTi1xWi1xOXo4eFE2UUhnRnlGOUhvNE9nY0xTWUx4UFRpWlJReUlzcHlqbzN0UWRCckpQTzBEOEdyZ3lkeS1kdmt2S2xReW1mckZWMUw5ZGY2X05rZE1sNnlwU0t0TkV1c1VZVnhYR211eGtXRzA1U3BtSDZETHFSUEpyUXdiYlp3?oc=5,
Google News,,republika.co.id,https://news.google.com/rss/articles/CBMiqAFBVV95cUxNVXk3WHFYMXoyQVpWRzg3UzhncjlnWHpqRWdZTG43eGItNTFBMDZIUUFoLUNSdVY2YXVJS242SHVsWUwyQTQ4Y3NxUF9QMEEyenZGLUNBb2ZzQnVPUUdDNlRCeXppX3lvNXMwZ0dIUW9JVzhyZ1NONDJXSlFxTWJXRXpWTXhpWUhtdDgyek1kVFMzTVEtSFhJU0pSU2tqLXhvY0dGbktBQXQ?oc=5,
Google News,,Kompas.com,https://news.google.com/rss/articles/CBMixgFBVV95cUxPckFFdTVYbEswTV96cGVqb3hIb2dqRk1VZmxKeTUwN0h0TTJiUmhCNUZPSVNYWHRDdGNuRDluMWx1ZW0tV0E5b2NGam9GTnYzVGtIUTlhT3RVNkcxUVBDU1ZzcXcwUEhiSmxhR0U3Z2pQRlNqWnRnSEo3d29XZUhyRlRHSFIxRERORVgwNVVINmItcjRyRGVMZU1Yd2IyaGdxel9sTWZjQ3VaU2hkbl9zM2tsQkFwWjhSa2FrOGxXRDVQeUZIc3c?oc=5,
Google News,,detikNews,https://news.google.com/rss/articles/CBMipAFBVV95cUxQMEZkSF8wV1RUS1JzMTI4TUt6RWRiNmVJMlhEYnlrMzZSWUtsN3RmcU44ZEVDWlhlckN3NWJHZHFkS09COWNCRW5UdkhMUkpFOXVKdFFDY09WN1I2YW9QR2pfR2lYclY4SHpQaE96bmlrRHU0Mm13elNUdG5CUk1IbVczeHhIdTJ6NFNFQWdPT3FISnFNblNCam9GQ3FMVlBnamFsZNIBqgFBVV95cUxNbU0tNUVybEowTE1mNnRIZmk4NlFJR2phaGFxWlZSZ18tbHJuSUhOWVZ5cGIxOVRLWmxBNmZLX184TXpmdnpORjAtcW82OE92dmsxc1paR1NlUm5iaEtlUUVIa2VpWXczNDhUUDNnUVQzRlhTNGZteFFYVmx4UkhLckV5akp4a1g3SUp4V3FLYkZnNnNnaVY3ZThubnIyang0ejRXcE5XSTNDUQ?oc=5,
Google News,,Kompas.com,https://news.google.com/rss/articles/CBMiqwFBVV95cUxQSk1ydHRSZDFxZVFfODhyMlZMU2F4NkxNOENEUmNPNnRENll1czFBeDVuRUw1ZF85MTI5ODI4aGMzRXNYNXVTbXczbFcwS1ZQMGhLZURqWUlpZ0Y1Z2tDN0lKVnptcnJrS3dEbjBmYlBFYjMxZUJUS0EyblJOUWw3cVVKdTNxY1g4eDZQLXlBUXF2RE4xbzdWYVVaZy1tNVdZaFFTRkhEdUpORW8?oc=5,
Google News,,Kompas.com,https://news.google.com/rss/articles/CBMipAFBVV95cUxPb1MxaW9sUi11R2Fncnl3elR4a3pJUHpITVpwRlJYZlBhWWNQaEM5TWtHejNEV0tNM3YxLU9uM3RHcVJaNVY0aGpWT2xQVnpDbmVYZWZaUFBHTjlRWFBZOGZLc0ZlMTQxTTRkTFBWWTVFYUNTQVVUOUpVdVRKLVpZYWNic1ZwZHdsdEVWN2RPWVRxaEd0X3FIQVJLREZxcFpzWHNKSA?oc=5,
Google News,,RRI.co.id,https://news.google.com/rss/articles/CBMinwFBVV95cUxPRWFPd0VYTmRuUW9odkpDeXg3Qzk1cjdzdG5KZW1ORlppaThnRFoxVDZBRnlyQVRHMmswOWtWZTRIVzN3M3hSaldHWFFuT2VYWFljSW9BUDNrRThLTTZKdEVlTVVrcC1uU08yVDNXVDR0WnFUbXYtT21GUjV2VFpoUWxOMVdCUTI3ckVFR05VOHRXS3E2UF9YNFRUZEpOSVk?oc=5,
Google News,,Kompas.com,https://news.google.com/rss/articles/CBMiwgFBVV95cUxPZHpycHlic3VVMGVNd2Qzc1BGU2ZRbzhVWnpadUQ2NTJpdDYtZm5MZ3VJM3NqcWV2aVMyM19vVmRLTGpFTkRiejdCT2FrN3g1VHlYUi1jUGZZV0M0MG9mbTVjMExaN042R0RQRWk5SFM2YWYxYkFzdDhfZHQ2S2ZMXzUwcllNQVJzOXg3SnhBd1Q4VVVKVGhOS3U0aUlnUHh2djhCSDdPUGdtbTk5Zk9xYnVqQTdNTU94Tmw0YlZySG8zQQ?oc=5,
Google News,,CNN Indonesia,https://news.google.com/rss/articles/CBMirwFBVV95cUxOZm81SmV2SEJ4cVdIYThfY2VnUFc0TXpzV2FOWlhtTkFIM2VxSWNaZ05FWVp0emF6ZnBIdzEwZV9ZalZYZ1hlQzZzelZ5bWdmb1p4cjBuWUVHel9pVXBDY25KYTJpVGhzbE9BTjk4QkJhOXJVM05jbFhOdmdQNWZaNzRFMU1WX2lnU2trNDA1UDJEYmxzSDlVa2ZNVHRvSFBwNjZFdUpTS0l6OGxDVmFr0gG0AUFVX3lxTE5Qb1JLTWdqN0tSMXN5eUFaNXkybFg2b3BXcDMzazZPWXF6Q3NNYjNmX2xtMVZkSmlFTWFPU0loMWpuV2luTGYta1BCVDFERzZfQTFBa3AyaHFVYlNLbWNvY1luNDFkM3QyVGphY0cxcG9PSXNTdEZyMHBvX1R4Y0QwUWg3c3FaUEVhWEMxcXAybHg4cFBXTVRyTEYycGpXanM3Q1ZwaUxxdTNWREdxeEFhU3NXSA?oc=5,
Google News,,Kompas.com,https://news.google.com/rss/articles/CBMixgFBVV95cUxOcXVUUTZEVGRVUTlMMy14Q2p3QkxVamY0NmdsWURiaGhTU0V3WE1ySFNoMVJGcFI1Q2N5ejE2Q1l3NVFqVThhb2FTcEZUY2dRcFBHdGl4dUItSGhSeEZnZzNkQllrNk00ZGVocGdNUnR2V2c4NVl4RjZ4QjdiYkpTb0JWVDdsbmN5Y0xNZ2ZkWjRSWEhLNnBSTDdEZU1YMDNFcUcyRU5VTmVjbm1NNzE5MkhWOWhGcEIxN2pfYm9jR1V1dVFWS1E?oc=5,
Google News,,RRI.co.id,https://news.google.com/rss/articles/CBMivAFBVV95cUxOb0pxc0UyVFh2ZGhuakw2cnpwSXQ0V2F1QUtjcnVJWjVkem9SN3dSTFB5Ul90bEI1U2dIbURESHBNWjVVZDREdFpFU0t4SzhJb0N0UERpbnpsbTZLY1h4WXR6bXlXNFN3cUZkLXJLOUE5X1JjOTFfVUZTWjVwQ3BvbE9IOVBKMFozN0VnSDlnVUlFOXExU01CX1JKS1EwYWJudTVmNko4a2tFY2lwM0dZQ3BFQ2FPTFdZNGRDMA?oc=5,
Google News,,republika.co.id,https://news.google.com/rss/articles/CBMiowFBVV95cUxPV0o0Y0RhcWU4U1RobXVDOGdfT2R3VElsMlVZbF9zOGhzS19rVXBiYVhiWEo3TnItUXpyT0VGcXNCZVMzN3JZamdLdkROSzE0TG5JWXJVcUNaR08tVmpQNThVMy1wNzZ0NWFueUNuTUppMG9Bei1uUkJsRmZBQk4zMktzY0dscXIxOWl1Nk8ybE1aT2ZnVGVMYTJzeDV4NGd4enBr?oc=5,
Google News,,RRI.co.id,https://news.google.com/rss/articles/CBMiigFBVV95cUxOUEFaUS1WTDFWNk1LNU5SUE1pekVjYWVzT2V5ZmtHSVV6c3hBS1lpT0Z2cnV5VFhaYnB5bGNCTGFZbkdDS2dyWHJfM1VIUDAzUWtEaUk4OUNvSW1CejBvUkdUQzh6ZDR5SlBDSS1CTTdHNHZsbzdkS1czVUt5cDFaLWJmMjJvRzN5b3c?oc=5,
Google News,,Liputan6.com,https://news.google.com/rss/articles/CBMimAFBVV95cUxOVDBLTGxwVF9Uc3Atczh4Q3ltZEdsSENQbTBEdjZnRHRvMkN2N09paDUteUpKaDRBbllfbjlXdUszRFNhaUhLalJUa0QwaGx6c3V4WGRXLWR4N1FXNjhFRUtwOEc0TnZQTUtsUC1XTWFaLWdhakt2ZHBMZ1NpUmRyNUlMUkdVdE9aOU41bllBT3FLWHNEUTdYYw?oc=5,
Google News,,detikNews,https://news.google.com/rss/articles/CBMisAFBVV95cUxOd1NmdGlDM09LV2dqdklVNGxIRFAtRVZmQXR0d003YkVoeE82d1diZmFjbllQZVZabVlVMjBLVE5JeEJ3REllNHJFNkdYNmZZbzZqdjZRdF9MeHlXTmpEOVZnc2J3QjVVWUE1dWd3dEQ0X19CQTI1ZE5pdFVRVGpLZGJBOHkzV05YSkFJd045cGtpM011VG5qWHNZMHlabl9vUERtNW5fYmRYaTNVODNxddIBtgFBVV95cUxPeW9pcHZGcDRKWndqb2szQS1BUXYwNHByb3ZIaXN4T0ZETzd5Y0xsdnBYbndNUXA5TW5RMHZMYnVUMWYtWjFNVlVCSGZmdGhvMGJBTm83ZnlKZkVVQ202NDFENHo1dzJIa0pzNkU3Y3c1QjF1N2JIY0diNjlRWTFHRkIwNnlYdk1KQ29MU29RaVVyQjhpRTNodlJzdUlDdklkTzUtMnE1Y0p0N1UtT015QUlVbFJzUQ?oc=5,
Google News,,Tempo.co,https://news.google.com/rss/articles/CBMimgFBVV95cUxQMGxVM0tsOXo5dWtCanVUSE1CcFRrdjZHTHNMMm5aWUYwMlZOdWpJbGExdFc3LUJKWHBSOV9pTldPVG5HclE4eTBOdzYyU2FuVldFWjBzS0FVWWFKb1F0b0JsMnoya1VzQ1FBVFFCREp2NUpoekptNDVGSVd1ZlhoWW1EX2pEdmVxTEhxdGltOUZVbHdvbFVERXJn?oc=5,
Google News,,Kompas.com,https://news.google.com/rss/articles/CBMiwwFBVV95cUxNaUp2TXNBZGVsZ3RETEdBQkhJY3FEYXBGdmtIT2VqTkJERm5pSHluSFpNbERRLWxTXzI1YlBsZWZscEpVcEN0cklMM1lmNDFjbXdNQkxUVktrbVViLUMyOFpuWnlxbjRZVzdBNzlLZFR5OWQ5R0hBazhCQnhXQVdrNWNZRWtGSEZ3Q1QtTDBPTkoyTjM0dXdFN1J4RmZTQV9OQkd0ZXpMZFZKSDd1ZGFsVFF0QkNrRFZNbm5qYnlnMTZIa2s?oc=5,
Google News,,Liputan6.com,https://news.google.com/rss/articles/CBMitgFBVV95cUxOdlhZZUt4UUdCbU1rQUJDbjRCZkNjZzhTcXhMcGp3SkItNGhKTDc4eTl5OWFTMFhSNExDTkhKT0U1YTRXajdjeXpIR0VpNFAzOE9mQ0tpNGlOZmtCMHRaSUg4aXotRGxWWUZoVC0tZlBjWHU4YXpEVTdiakxOeHZmdUdkbjNoenZ6QWZxYlNTblY2cTBPWmV1ZkFBbi1FMklZalpvT0l4S3VuRkpaOU9GNnJDM0w1QQ?oc=5,
Google News,,detikFinance,https://news.google.com/rss/articles/CBMiwwFBVV95cUxPWENLS1REdkRzWEY4MlZDdkJBT280ckMwdm05WDJKUzdraFBSQnVtcUt4RllZMzhvYUVpeDd1S3VYLXA0QnY1OVBKaUN1WG1RQlVZVzBLMmhRSWIwZFkxMURwZzFfZDBUMVFDRFM2aGthRzl5eEkxdnV3MlJzU0RTUWt1N1VDeGRUZlE5ZUpMOEdNN2NJVE1DVlFQRTgybHNQNHpwMlpQLWNkRWNFaVlWRWQyQUIwbUxMa3I4RGZvRGFKQnPSAcgBQVVfeXFMTndEVTZCTU1OVTdaNFZEYnpEMElQM2VPa3R5U1RUeFVPMVdaUVAyTndWcEp2SHVUdGtpbm83d0lkdUNVMlE1LU9qNDlJenJlOFZYZ25xSEt4R2YxcHVoamw2M296V2pFdHVXcDdRY3dLMG1BanhmdkhLal90VXRtMm5MZU5VYWZqYUo2RGFtNWZvQnM1emtlUzVMeHUtTTJKNmM2WWNvdU54VFVUazV5STNhLUJEbUNka0ZIWHczSF9pam1TeXZKOWw?oc=5,
Google News,,ANTARA News Mataram,https://news.google.com/rss/articles/CBMinwFBVV95cUxQaDc1QktZM1E0MHhpMGZfNjlCdnNya1A1Rmo3YnpqQUpYMWJRcHpLQTVPOGNwM2FUeWdvVGhLUGsxSkpRdnRjeXA3bmNzemowRnZyaXFiTm1fcDlfVWt2WW9KS3R0YXctQjdVc2tOd3VFVzRKQklYaV9QdFdtamRZc0JJWUI0QXhvZnBaaGV5cF92eGZVTm16Um5NdzdCT00?oc=5,
Google News,,Pontianak Post,https://news.google.com/rss/articles/CBMi0gFBVV95cUxQRHZZY0k2ZmI3cnBvVWJ3NWIxeng4SURtTEtqTWZkOHdQQ3RUbXBza3BnaWZjU1NmMUNFSFYzaUhDcU1kN3BHbWlZcEZTeDMtWjZPNzZmSTdKTjVQSGVWa3hFWXZtYUxuLUtobUdGamRQUEtTQU9WVGhiZTBLaWoxdzVBTml4VHRWekh6QmZTZW15RlBmcmIyR0R1clVybDVaNTlrY3FFMnlfMklfdUxuTmpRN1ZZY3FESUhGbG5ybDVRRkNkbnhmWG5Wd2VzZk00OUHSAdcBQVVfeXFMTURLTHBZd0d0M3dkbm5XSTRSb0owdW5nUTVBbU94TWZQc1lwZnhjVkg3bzR5eGJBU0xaa1g0ejMyV24zTjRBVGNnME15RWNmSC1RVUIyWnNPUWRlT09NY3NNRG5HY2VqZ21UQTlsYlNtZ0oyM3MwZDkzSzV3TmFLLUMzbjQydkZJcV82VDlvYVBaaVhabGp2REUyOU9faWlXSC02VmV0cHpEYUJuUDRWdGZ0R01XU2dkNkxPaURxMC15YUo2QlI3bzZQTVVhUWtFWUpKMkZ2N1k?oc=5,
Google News,,JPNN.com,https://news.google.com/rss/articles/CBMinAFBVV95cUxOcHBVdVBlbDlueGVDUEwxMUtJWHFMSm51ZVcwTk9DV2tqNkhkcE5jVW1wdzRtc1NlaWMtWWJFQnYwemU5aVNOREoxSzNOdTR5V0FvZi10Z1U0RTVYazZSemJybnhISU9YYldzYkZwWVBNSllmMkpVcmt0cUZ1RUJoYzlBZXhlV1J1d1djeWJ1QnJKYmZHalVMWk90ZlY?oc=5,
Google News,,Tempo.co,https://news.google.com/rss/articles/CBMigAFBVV95cUxPUDVqTjhMV2NaSnJOamN1VGowX2JfSVNzcnp0UjAySy1FVmU0YmR2cm5wU2dYM1FiX1pWUXJJQldLMk9NMTFJRWpCdGpzV1R4a1F0RUs5QWdLek1qd1pSZVhWMS1HYW9ZeG5RWTVrT21PaWJ5SDRhWDdlQVV1Wm5Ibg?oc=5,
Google News,,Radar Tarakan,https://news.google.com/rss/articles/CBMi0gFBVV95cUxQNFZFLTlXdndTSmczTkItZTEzRjVPM2J0WTRyZmJ3M1VRX04tRV9vTTd6blhFSXlZT1kzbVJmVUYxY0hGTi0zWXdlMnZSRHltS0RWWUZ5RmgxbmlEbVQ0bldnendwM0pQUHlwN3h5WlRXNVhWTHZKWS0zOXppNUxGUl9jSURQLWJyNnFvenpGQ2F3WGhOamdfbHpEMnZOcENKcHFpbTZRbmYwV2pFUnNMUS1lQmdCNHRhaFNrLUpTYnZtVTNacmtNcUdWWDRrT0hfbnfSAdcBQVVfeXFMUEc3X3FLZU8zZDV2RUdEOUxGZTZKdk1oNWNyclJJcGVmUWtqeXJneHpPY3pEQkp3UEhybGlJekxZaWhzVnAzSW9RSlBEczB4Vll5UmtVTWpZQkR0SUpJWjJUUDJDR0tDUGIxYTloMXctSDctbEhxS2JRTklDRExuYzg4WTljeGZfRWhrcDBIa3Y0eHJUNzcxQTVxaXYzZDNsZG13UHAwYlE3Vm5VQ2dlRzVtR1JZY0NGV3RnNTREVXoydFZtQTM2dFZKTy1TWjkwc2JfMHQzdjQ?oc=5,
Google News,,Tempo.co,https://news.google.com/rss/articles/CBMiiwFBVV95cUxQMktKRzVWTGxrNklXS0d3aVdPaFI5UTVmSjJ3RkJPNXNxaXp0TkN0dU5DR2hSNDdpNnVudzhTOWFGcnVxUlRSazdVZzFTRFdRWVdEaUhXZmtoMXFCVGZkbEczVmRHMU43SEF3QVhqRTNLZm5qUmw1VWhsWXZnclhwRTd0cWxjNldqWTdj?oc=5,
Google News,,Kompas.com,https://news.google.com/rss/articles/CBMizAFBVV95cUxOdlFlbmtvdFNlSU12S19OZXc3Z3pudkZuQUVlUzFWVkh5WVR3VmQtaC03UzVScFJJeXgzdDVnbnZoVGMzTlpvYzRhOTUtSDM0TjItZkxOdXhKWXBtOFIteFZWTlYwenFkM0JicVExSTV4RW5FaXlzVmlBYXA2Uk1neXpnY0tQcEFIVldkUFFBM2tPcWFMSnRnYjdDZVNTajc0eXR4MHUwREdWVVpIaXpWOF9fbUxGT2lEWGdpZDFzRVV6enNaX05hZjFwcGM?oc=5,
Google News,,Radar Tarakan,https://news.google.com/rss/articles/CBMiswFBVV95cUxQYVFLTllXdGlwbGtwamRPUy1XRUFYeThnSXFJd1l2WUd1SDZBWF91aldad3JFSnVNMG5SNDFlS0RWYm5EV3VQblVIZE1aWUoxY01wZGdUZmhwY19odVoteVQ1UlVaUEtQWW44QXN2blN2bTFiWllpS0ZVb0F2c1RTMnZYLTByQUwzMGlEUUdLNnp6ZlZkaGg4dkE3aHpEb25kMGtrZ2ZWODNqX0FVU19ETjFOVdIBuAFBVV95cUxQTjNKSkJOcjhuUnJDLVdHQ3ZxLVFjTWxvZlVoWlExb28tdkhOMmY5X3VvZHc3Z1czb1pGYWMwSHhpQWRiOXZDT0x3d241d2NwWXNCSjh3Z3lHUF9jQk1PN2xHWWRGY2stQzNQZUFONW01UXpZTGZSaktKY0t1SnZqWlRYbGlfVzF3a0hqbjlKNVpZQ0pFNWdVODdJTVFOWERqbVY2OXhWZXdvMm9aYm9TWjJfTUlWdl8w?oc=5,
Google News,,detikHealth,https://news.google.com/rss/articles/CBMiygFBVV95cUxNRWxHN3EyX2N0U1JabDVEa0k3Wl83RDBfZ0I2dGZ5OU12WGJqcE93OXJjOG4tR3dpMElMZS1Jb1ZuZVc2ZTJzUmpRM01CZ3NEdHFzd09ycFFWaVgtendtQ1h1b2FVMVJHSzhBTk1kS0h6bFFIQWdiZFZCdGJXaFBad0duRFlRRlNsVEkydlhCaWw4dFdWX3FvUVhqNHZVWldsZGJ4b21DMzdkclEzdVFCamVvTGFEV09fV1BEVlFacDI2dDYtQ3dDcS1R0gHPAUFVX3lxTE4wZUlRcUJ4RDBCbV83dkktbGJqT0l3Q25JWVRuRWFEaXZjRlpYTDExX0xfbmhSai00TndWdklmTnRwbFJQTjlKSGUwS0I2eThxUTVWVW1DUkxQVnlQaERqYzA0OVE5SHVNWVhqNWg4YklOQzJ1amJxQWw5eXNFdHlDRkh3Z0V3NVVINGswZFNjbVNNY0phYldFNUFzZlJsc08xS0JvZk9jWmdNVlJVTjdIZnRWZjhHYnBMS0h0WFBzTnIwUFpETmlRTUpMMVlDbw?oc=5,
Google News,,Radar Tarakan,https://news.google.com/rss/articles/CBMi1gFBVV95cUxQdV80MVppN2pSakRmc3Z6VTBSQ3ZXLXBsNkFiQUR3Z0Q2aV9nZkd2Uy05LV9BbVRxaHNQWnFnNGtTU090TGEybHhaV083OGN0ZzhGWEMwa052aXlGdlNhWUtxd3JxQllTS09BRF9ib2VBbTVMdTF1WGVuMTJSUklLWkxPSGFwUWM0bDNqTkFUU3pTY0NvZFM2dDExWDk1S0NrVThYVDJmcDJlUERmTjZFOEd4YTdBZXBrZ1Bjd3FPTWJNMmdna1pnYXV2NWZIYkJHbHJvOU530gHbAUFVX3lxTE1YRTFrZVRVM3JRckN0OEw2MENFLWkxU1MtNHV6N01ldjZRd0FTaVBHbTJpUEpSZmkwQ1NRSHY5RGFSY2V5RGpfckplZEgxeTlGNk0zY0MwVUlTOFREUHFHbkV6X3pJaHJsN19tamU5dkR5WUtWaHRBMk0tTnBXWkV3bVlYbWlWUnByWENfNC10YzZmUi1zd1VZQkxzVktteHV1aUx6YmtUVUFWVFdZclBsbUd6dTNWcmFmd3ZwenloeHQwTV9HZ21zVzNZaUFQdzFtc3owNlkzX1R6dw?oc=5,
Google News,,detikNews,https://news.google.com/rss/articles/CBMipAFBVV95cUxPLXBDcHZMNURnOERMdWQtblVtSnB6Q3d6SFlPUGI0OC15eFlZZVRKOGFlUC1OTHk5d21iMWZFaXN1X0xMTFNrdENFSHJyWU82THVKSEZDZXFNVTd5YjY3ZmxZR1Q4WVE5bXVRSTR0cURySFVGdmMtbm1NWlF0RjZzQUlsWFlpdDlKeTRKUmp6NW9uVnNvajQzX0dIWmdpTEY2VkVQc9IBqgFBVV95cUxPS2E5S2JfaG5FaW5LMjRFVkxQNWxJOTJVMTVsenJrdEJ3MEFwcmQ5dFhSbW5Gd1J5b2swRVFSbDdXOWxoTWFmRlNMSUVjNV85NUdaWnpNUXUwMlUyTm05U1BCZkpVZThBZ3ZGSnpZUmRHazZjblVBNDJTMmtUUFFSZEktQ3c0TEZwdm5NZ190VDJmd0dKNVR3VjgwNkJ1UlNGTzYtTHR3TU02UQ?oc=5,
Google News,,Tempo.co,https://news.google.com/rss/articles/CBMimwFBVV95cUxQZDc0MXV5bzdrUVA0ZnM1ZXZUUE9QaHd4SVkxalhUYWNNb0M5MnpJNnRkb3lIWXRwTXQ1NmlBdEZ0RTV0RHROVmdreWxmS19ndEdJcnpTUXliY0RZZWNsanA1T05wcG5zRE90Sm5WT0xNb21JdGlmWEJhYk9fWTJtVjh2NTdOejl1cmRuWk5jY2hieFVZamM2V2l3UQ?oc=5,
Google News,,detikcom,https://news.google.com/rss/articles/CBMirwFBVV95cUxOeFd6WXhTZUhLRHZHTktWZG1yaXFZSlhBRC1XUGpZaExDdDBIek5NWERfQ1pRYVNheUhmUTlheFJJcUJ0b3Jkc2N6QUxuRVoxNHVEcWpQUXJNLVBobGJ2NTdRSTZuZ1dTYWNEc2hpOEhOSDJQWktsZEpqM01xSXVBX0hXdHBTSTJsakFfaTZCVHF3NlhISHRBMWZmR19ZbjdweURCZnQ4Z2w4VExEcjUw0gG0AUFVX3lxTFBQTU9GX1c4VUtEZWFUMmlocWVxQ1ZzVExuZ1htYmtyS0FYZS1CVW90MEZ5ZzNXTUYxSFVsUTZOTWZnZmRPMmw3V2UzTjg5NE5IaXRPZ3FEQXVKVzAwVnljQjg1TXpKWUpLeW1OSlJia082QVd2M0hzeWNmV0d6Ri14RjBqQkdFdm85UlN6NDhha1RuSFcxOUhOLTh5QUp4Mm42NzdUaDFNejJnTnhxOXFHd1k0dA?oc=5,
Google News,,Tempo.co,https://news.google.com/rss/articles/CBMijwFBVV95cUxQZjJ0ZjdLeHBpOEFVa3lPNUdDYS02XzJiMENqaHZYN21zTVlLUm9xS3AwLXBIT3BOcmxYeWVNYjNUbnNpckl5YWdQMzJoQVNSd0N2YVZwbHp5R2JqRFFRX0J6ZnJCSlJtUnhyYi1wQk42WmI4eW00amtzT2gyRFRFTl83N3dMYWhRT3VpLV9Caw?oc=5,
Google News,,Disway,https://news.google.com/rss/articles/CBMiswFBVV95cUxPVUk3b2kzUklTeGpqQjJ6M2RNOHJ2QmJ6Q2xUeEY3Y0xUbTJuc1VwMTVfSWhhUUtNajE4WVhwamN6LTRYcFdjVG9mVkVsTmVXWGxxTWNQRi15VTgxVmxfV0VDblJJSklzVkNGUElmQklFeDZJU1c5cVVDWXJvLUVPc2t6YW1VOW02dUtDZXBiTFl1RTlyUG9UNmQ0ZlcxLUZDalpmSWRDZFFKS09IdjZ6S0h0a9IBsgFBVV95cUxNT1VRWkI1RlJucEJqa1NjMXV6SjhhMmJWRUY1OFlUell0RGlfVUFzNjg4OWJsNnM1eG5XNElwa0hWcVZjazgwU1d4Y1BjQ1N0YndGaGJlc0tBNHFIQkZMRGlXUTVUQjBzb2FRVklRQWlkUFV1aWx5T0Z3azZwOEdjYVkyemhfY2VYaVEzZS14cUpnLUxHdy14cnF2Q1RMRm5iZ25uNXZqLVNDcGpmUHdlcEpB?oc=5,
Google News,,VIVA.co.id,https://news.google.com/rss/articles/CBMiwwFBVV95cUxNX2RQNFhXbDVfLVJ2WHJ1T2tvSGszY2pNNzJuVVVSemhSZnhub3pYR3pHd1RMc1cxczc5NDRMMjhIWWJGUXA4VFN6cEctVVFfTFBWdW1KTkc0QmFpczlnMTFYZUh1eF8zZ0kyZF9CNURnSE8xNlZHZTJuU29MMlhYWi1nNC1UbUhKRlkwOXQ1M0h5ZFN3YlhVQmxReWRESk9rUVE1RzY1VGlGU0NGSXRFR0FkTGRMTkNEY0o3WGVicG44cmPSAcgBQVVfeXFMTW9XVWZIY19uNE1CQkprcHg4dVhFcDJBUXBCU21IYjc0elJGd1VvN2JFTzJSY1RpXzh1bHFBeHdHUWpfRFdDZEVEcl9RdXNtUW1xRExBeDRYNnA4SWJ2WnEwMGl6bWlRVURsbll5TUtDMkMwZjdUOE9leGVPaWhHY2hZVnBQb3FJUGpDVUlDTVM4aVVqVnVJYVk5TllHel9mVXdfdFhEeDYwWkxKbVhxMVVGeUt4YXdkWWNMd3hkaVJuX3lTR0ZsWEc?oc=5,
Google News,,IDNFinancials,https://news.google.com/rss/articles/CBMisAFBVV95cUxOY0duUzNlaHBaSGE1aVhMZnl2RkNwaHJRaFNoLWtNWUFoR1dURWFyU0ZXNE81RzJMR1BUVU81UFlwWVd3WDdUbEw2YjNQdTBLLV8zdmswZHJUQWlqQ3UtS29hcWdjWnBfdzJ5NGxLXzM3b0xKN0w1YVB4dFZXVUttdzJINlBBb2FvcWJUVkF1Y1Z6MVJRVVAycGpBOWlZNXZCbll4VXBEenBMMHNJZ1dodQ?oc=5,
Google News,,Ombudsman Republik Indonesia,https://news.google.com/rss/articles/CBMiygFBVV95cUxNOEdCcGJqYVZhWUdkdzNjZWxkTks0QkxrWHBmR1RlNmQyZER4S3U1VkN3RmtMaGFJSk94R0E4X1FYRnpMNzRwZmtjQVp3b2hERnJZZTNJNG5pMnRKY3dkZGJadTZKWlVYOXUzUEt5MW1wZjdLOEhrTWQtNWw4OXp1bldpOWVHYUN1WjRRejV6Vmo2Rlc0UFB6SlNtRTFKbTd0aGpYRlVwNlJvS3VqbE5JU3hpbnNvS0VHdnBkbjJ5OHBuN0lzVGZRcXBn?oc=5,
Google News,,Pemerintah Kabupaten Ponorogo,https://news.google.com/rss/articles/CBMiowFBVV95cUxOaElKQjc5eVJsQjl4aWg3UF95dTNtNU5UN2N1MUdJMncxbmRzMHp3NEZoRXQwZTJmZ3ZiQzJ1TnFDcXBTZkVLY0tfOXlaemctcVJBb21JUHpic1pHbFMyMzBEb1VPeGFIZWlVZG9xNlNvY3ZvWFNWT1ZjbkdOREd4TEhlM3plNWdRLUowRXhpOFUyTm85R3FXaGgxekI1TTJ6YlVn?oc=5,
Google News,,RAMAPATI Kota Pasuruan,https://news.google.com/rss/articles/CBMi2gFBVV95cUxOTmM1TkhHWXhjZHVGSmZnbjdVM29VYUxlbHJwczlJZXh4X2l4Tk1kTmxycmZEZExnRkh2dktXQzZ0STkyX24wcUtGSzZ3WVlOcS1WTVFvX3NvOTM2azdLN1FrT2x4d0VRMWg2WjY4djNOblZsWDMwX29tdjFmTnpmemdPeG5HWWwwM0hwc0lGSV9LRW1XUFpvSi15UlZFenY0UjYteTdObDdZRG1IeDEyMFZvS080MV9haFlEZU1JYmNFM2szd3pyem1QenlXanhEZWVzTWRvbkpTZw?oc=5,
Google News,,Pemerintah Kota Salatiga,https://news.google.com/rss/articles/CBMioAFBVV95cUxNeFF1bjN2elp1MTVMdGY5Z3NLNkZOQ1lNdzk3REluMjZ3VHUxajVIbHpSNi1haWdjNVVyQVNEVVpCU1hZZzFmX1dkM1loZWpRLXJjRW1KX1FpbU1FWW9mZWdJT1J3Tk1LX01fOE9SbkhyVkZBaHZhaDZDRVUwTEV6dlhQSGo0bGtRbU5zNTE4dXlIVy0zMWlXaWF6V3h2dlFK?oc=5,
