label,title,link
Positif,"Wamendukbangga: Distribusi MBG untuk Ibu Hamil, Menyusui, da",https://tribratanews.polri.go.id/blog/nasional-3/wamendukbangga-distribusi-mbg-untuk-ibu-hamil-menyusui-dan-balita-harus-ditingkatkan-100458
Negatif,Makan Gratis dan Pertaruhan Politik Anggaran | tempo.co,https://www.tempo.co/kolom/mbg-dan-pertaruhan-politik-anggaran-2126815
Positif,Pedagang Melon di Pasar Gede Solo Rasakan Peningkatan Ekonomi Sejak Ada MBG,https://www.liputan6.com/regional/read/6310544/pedagang-melon-di-pasar-gede-solo-rasakan-peningkatan-ekonomi-sejak-ada-mbg
Netral,"Melihat Praktik Kyushoku, Program MBG di Jepang yang Tak Cuma Makan Tapi Pembentukan Karakter Anak",https://wartaekonomi.co.id/read606799/melihat-praktik-kyushoku-program-mbg-di-jepang-yang-tak-cuma-makan-tapi-pembentukan-karakter-anak
Negatif,Anak Bukan Angka: Kritik Ibu atas Program Makan Bergizi Gratis...,https://bandungbergerak.id/article/detail/1546036303/anak-bukan-angka-kritik-ibu-atas-program-makan-bergizi-gratis
Negatif,"Anggaran Ketat! Makan Bergizi Gratis Dipangkas Jadi 5 Hari, Begini Nasib Sekolah dan Katering Lokal - Info Pendidikan BIC",https://infopendidikan.bic.id/pemangkasan-hari-makan-bergizi-gratis-2026/
Positif,Rutinitas Babinsa Koramil 03/TPL Dampingi Pelaksanaan Program Makan Bergizi Gratis di Wilayah Tempuling,https://medialokal.co/news/detail/64114/rutinitas-babinsa-koramil-03tpl-dampingi-pelaksanaan-program-makan-bergizi-gratis-di-wilayah-tempuling
Positif,Polri melalui Polres Mempawah meluncurkan program Makan Bergizi Gratis - Tribrata Kutai Timur,https://www.tribratakutim.com/berita-terkini/polri-melalui-polres-mempawah-meluncurkan-program-makan-bergizi-gratis/195580.html
Positif,CAMAT BULELENG HADIRI GRAND LAUNCHING PROGRAM MBG DI SMA N 2 SINGARAJA | Kecamatan Buleleng,https://buleleng.bulelengkab.go.id/informasi/detail/berita/92_camat-buleleng-hadiri-grand-launching-program-mbg-di-sma-n-2-singaraja
Negatif,"Sembilan SPPG Berau Kena Suspend, Ribuan Siswa Tak Terima Makan Bergizi Gratis Mulai Hari Ini - Berau Terkini",https://berauterkini.co.id/sembilan-sppg-berau-kena-suspend-ribuan-siswa-tak-terima-makan-bergizi-gratis-mulai-hari-ini/
Netral,"[HOAKS atau FAKTA]: Terima Masukan Rakyat, Prabowo Hentikan Program Makan Bergizi Gratis, Ganti dengan Bantuan Uang Tunai - MerahPutih",https://www.merahputih.com/post/read/hoaks-atau-fakta-terima-masukan-rakyat-prabowo-hentikan-program-makan-bergizi-gratis-ganti-dengan-bantuan-uang-tunai
Negatif,MBG: 2.721 SPPG sempat ditutup sementara - 'Sertifikasi jangan hanya formalitas administrasi saja' - BBC News Indonesia,https://www.bbc.com/indonesia/articles/c4g257y1pr9o
Positif,Kemenag Perkuat Program Makan Bergizi Gratis di Pesantren dan Madrasah – UIN Datokarama Palu,https://uindatokarama.ac.id/kemenag-perkuat-program-makan-bergizi-gratis-di-pesantren-dan-madrasah/
Negatif,"Siswa Jakarta Timur Keracunan Makan Bergizi Gratis, DPR Desak Penutupan Permanen SPPG - IniBalikpapan.Com",https://www.inibalikpapan.com/siswa-jakarta-timur-keracunan-makan-bergizi-gratis-dpr-desak-penutupan-permanen-sppg/
Netral,"Menu Kering Dihapus, MBG Kini Wajib Sajikan Makanan Siap Santap",https://pusaranmedia.com/read/47573/menu-kering-dihapus-mbg-kini-wajib-sajikan-makanan-siap-santap
Negatif,"Puluhan Siswa di Jakarta Keracunan Makan Bergizi Gratis, BGN Tutup Dapur SPPG dan Tanggung Biaya Pengobatan - IniBalikpapan.Com",https://www.inibalikpapan.com/puluhan-siswa-di-jakarta-keracunan-makan-bergizi-gratis-bgn-tutup-dapur-sppg-dan-tanggung-biaya-pengobatan/
Positif,Omzet Pedagang Jeruk di Solo Naik Signifikan Berkat Program MBG - Nasional,https://www.bloombergtechnoz.com/detail-news/105078/omzet-pedagang-jeruk-di-solo-naik-signifikan-berkat-program-mbg
Negatif,"Keracunan Makan Bergizi Gratis di Jaktim: SPPG Ditutup Sementara, Tracing Medis Dimulai",https://koran-jakarta.com/2026-04-04/keracunan-makan-bergizi-gratis-di-jaktim-sppg-ditutup-sementara-tracing-medis-dimulai
Netral,Efektvitas Program Makan Bergizi Gratis | Siaran Berita,https://siaran-berita.com/efektvitas-program-makan-bergizi-gratis/
Negatif,Membenahi Tata Kelola MBG,https://tabloidsinartani.com/detail//indeks/pangan/27068-Membenahi-Tata-Kelola-MBG
Positif,Buka Puasa IKA IPM Sulsel Dirangkaikan Sosialisasi Program Makan Bergizi Gratis di Makassar - Berita Unismuh Makassar,https://news.unismuh.ac.id/2026/03/16/buka-puasa-ika-ipm-sulsel-dirangkaikan-sosialisasi-program-makan-bergizi-gratis-di-makassar/
Positif,Babinsa Koramil 09/Kemuning Dampingi Kegiatan Makan Bergizi Gratis di Kecamatan Keritang,https://medialokal.co/news/detail/64086/babinsa-koramil-09kemuning-dampingi-kegiatan-makan-bergizi-gratis-di-kecamatan-keritang
Positif,Menteri Pertanian Beri Dukungan Penuh ke APPMBGI Jelang National Summit 2026: MBG Bukan Sekadar Makan Gratis - Mencerdaskan & Memuliakan,https://gurindam.id/2026/04/06/menteri-pertanian-beri-dukungan-penuh-ke-appmbgi-jelang-national-summit-2026-mbg-bukan-sekadar-makan-gratis/
Positif,DPR Tegaskan Komitmen Pemerintah tentang Kelanjutan Program MBG,https://jatim.viva.co.id/kabar/25269-dpr-tegaskan-komitmen-pemerintah-tentang-kelanjutan-program-mbg
Negatif,Parlemen RI Minta Dapur MBG Penyebab Keracunan Ditutup Permanen,https://rmbanten.com/berita/dpr-minta-dapur-mbg-penyebab-keracunan-di-jaktim-ditutup-permanen-2
Negatif,72 Siswa di Jaktim Diduga Keracunan MBG - MerahPutih,https://www.merahputih.com/post/read/72-siswa-di-jaktim-diduga-keracunan-mbg-legislator-psi-tegaskan-proses-hukum-harus-ditegakkan
Positif,"Kementerian Pertanian Dukung APPMBGI, National Summit 2026 Perkuat Ekosistem MBG Nasional - Pinisi.co.id",https://pinisi.co.id/kementerian-pertanian-dukung-appmbgi-national-summit-2026-perkuat-ekosistem-mbg-nasional/
Negatif,Dapur Program Makan Bergizi Gratis di Jakarta Timur Dihentikan Sementara Usai 60 Siswa Keracunan Massal - bisnismarket.com | Informatif-Inspiratif-Edukatif,https://bisnismarket.com/post/dapur-program-makan-bergizi-gratis-di-jakarta-timur-dihentikan-sementara-usai-60-siswa-keracunan-massal
Negatif,"Program Makan Bergizi Gratis di Kayong Utara Macet, Desak Kinerja Korwil Dievaluasi Total",https://kalbaronline.com/2026/04/04/program-makan-bergizi-gratis-di-kayong-utara-macet-desak-kinerja-korwil-dievaluasi-total
Negatif,Ketika ”Makan Bergizi Gratis” Menormalisasi Makanan Tidak Bergizi,https://www.kompas.id/artikel/ketika-makan-bergizi-gratis-menormalisasi-makanan-tidak-bergizi
Positif,"Program Makan Bergizi Gratis Sentuh 20 Juta Penerima, Ciptakan 290 Ribu Lapangan Kerja | Sekretariat Negara",https://www.setneg.go.id/baca/index/program_makan_bergizi_gratis_sentuh_20_juta_penerima_ciptakan_290_ribu_lapangan_kerja
Positif,Capaian 299 Hari: Presiden Prabowo: Makan Bergizi Gratis Telah Menjangkau 20 Juta Orang - MULTIMEDIA CENTER PROVINSI KALIMANTAN TENGAH,https://mmc.kalteng.go.id/berita/read/48387/capaian-299-hari-presiden-prabowo-makan-bergizi-gratis-telah-menjangkau-20-juta-orang
Positif,"Makan Siang Berkah UMY, Program Inovatif untuk Meningkatkan Kesehatan dan Kesejahteraan Pegawai - UMY",https://www.umy.ac.id/makan-siang-berkah-umy-program-inovatif-untuk-meningkatkan-kesehatan-dan-kesejahteraan-pegawai/
Positif,Pemkab Pohuwato Bentuk Satgas Percepatan Program Makan Siang Bergizi Gratis,https://prokopim.pohuwatokab.go.id/berita/bacaberita/4632/pemkab-pohuwato-bentuk-satgas-percepatan-program-makan-siang-bergizi-gratis
Positif,"Menko PMK: Makan Bergizi Harus Jadi Kebiasaan Sehari-hari, Bukan Hanya di Sekolah | Kementerian Koordinator Bidang Pembangunan Manusia dan Kebudayaan",https://www.kemenkopmk.go.id/menko-pmk-makan-bergizi-harus-jadi-kebiasaan-sehari-hari-bukan-hanya-di-sekolah
Negatif,"MAHASISWA BERSUARA: Bukan Memberi Makan Siang Gratis, tapi Mer...",https://bandungbergerak.id/article/detail/1546035498/mahasiswa-bersuara-bukan-memberi-makan-siang-gratis-tapi-merombak-sistem-pendidikan
Negatif,"MBG: Ribuan siswa keracunan Makan Bergizi Gratis, orang tua trauma dan larang anaknya konsumsi MBG - BBC News Indonesia",https://www.bbc.com/indonesia/articles/cm2zney05ypo
Positif,"Dukung Program Makan Siang Bergizi Gratis, Pemko Pekanbaru Usulkan Pembangunan 3 Dapur Pangan",https://suarapekanbaru.com/news/detail/10245/dukung-program-makan-siang-bergizi-gratis-pemko-pekanbaru-usulkan-pembangunan-3-dapur-pangan
Negatif,Ketika Makan Bergizi Gratis Menyantap Anggaran Pendidikan,https://www.kompas.id/artikel/sorotan-pada-beban-anggaran-mbg-yang-memakan-anggaran-pendidikan
Positif,"Peluncuran Makan Bergizi Gratis di Kabupaten Buleleng, Sasar 15 Sekolah yang tersebar di Kecamatan Banjar. | Dinas Perdagangan, Perindustrian dan Koperasi, Usaha Kecil dan Menengah",https://disdagperinkopukm.bulelengkab.go.id/informasi/detail/berita/80_peluncuran-makan-bergizi-gratis-di-kabupaten-buleleng-sasar-15-sekolah-yang-tersebar-di-kecamatan-banjar
Positif,"Uji Coba Makan Siang Gratis, Gibran: Tidak Boleh Pelit | KBR.ID - Tepercaya, membuka perspektif",https://kbr.id/articles/indeks/uji-coba-makan-siang-gratis-gibran-tidak-boleh-pelit
Netral,"Makan Siang Gratis untuk Pelajar, Apakah Sesuai Standar Gizi? - UMJ",https://umj.ac.id/opini-1/program-makan-siang-gratis-harus-memenuhi-standar-gizi-seimbang/
Negatif,"Berjalan Amburadul, Prabowo Harus Hentikan MBG | ICW",https://antikorupsi.org/id/berjalan-amburadul-prabowo-harus-hentikan-mbg
Netral,Butuh Waktu Lima Tahun Siapkan Makan Bergizi Gratis di Finlandia,https://www.kompas.id/artikel/butuh-waktu-lima-tahun-siapkan-makan-siang-bergizi-gratis-di-finlandia
Netral,"Intip Program Makan Siang Sekolah di Berbagai Negara, Kandungan Gizi Jadi Fokus Utama",https://internasional.kontan.co.id/news/intip-program-makan-siang-sekolah-di-berbagai-negara-kandungan-gizi-jadi-fokus-utama
Positif,"Sumsel Siap Mendukung Program Makan Siang Gratis, Sekda Sumsel Minta Pemkab/Pemkot Siapkan Lahan Untuk SPPG
 | Sumselprov",https://www.sumselprov.go.id/detail/berita/sumsel-siap-mendukung-program-makan-siang-gratis-sekda-sumsel-minta-pemkabpemkot-siapkan-lahan-untuk-sppg/baru
Positif,Makan Bergizi Gratis Di Kabupaten Bekasi Tetap Berjalan - PERUMDA TIRTA BHAGASASI BEKASI,https://tirtabhagasasi.co.id/makan-bergizi-gratis-di-kabupaten-bekasi-tetap-berjalan/
Negatif,ICW Sarankan Makan Bergizi Gratis Dihentikan karena Bermasalah Melulu | tempo.co,https://www.tempo.co/politik/icw-sarankan-makan-bergizi-gratis-dihentikan-karena-bermasalah-melulu-1232760
Positif,Program Makan Bergizi Gratis Dorong Kebiasaan Menabung di Kalangan Pelajar - TP2S,https://stunting.go.id/program-makan-bergizi-gratis-dorong-kebiasaan-menabung-di-kalangan-pelajar/
Negatif,Ekonom Khawatir akan Keberlanjutan Program Makan Siang Bergizi,https://www.voaindonesia.com/a/ekonom-khawatir-akan-keberlanjutan-program-makan-siang-bergizi/7969258.html
Netral,BGN Ubah Mekanisme Pendanaan Program Makan Bergizi Gratis | tempo.co,https://www.tempo.co/politik/bgn-ubah-mekanisme-pendanaan-program-makan-bergizi-gratis-1233926
Positif,"Presiden Lantik Kepala Badan Gizi Nasional, Program Makan Siang Gratis Mulai 2 Januari",https://www.kompas.id/artikel/presiden-lantik-kepala-badan-gizi-nasional-program-makan-siang-gratis-dimulai-2-januari
Negatif,Keluarga dan Kroni Prabowo dalam Proyek Makan Bergizi Gratis | tempo.co,https://www.tempo.co/investigasi/kroni-prabowo-makan-bergizi-gratis-1233283
Negatif,"Program makan bergizi gratis perdana sasar 600 ribu orang, jauh dari target awal - Apakah program ini terlalu tergesa-gesa? - BBC News Indonesia",https://www.bbc.com/indonesia/articles/cx2ywv21708o
Negatif,Ini Catatan Temuan Ombudsman Sulsel pada Program Makan Siang Gratis di Makassar - Ombudsman RI,https://ombudsman.go.id/perwakilan/news/r/pwksiaran--ini-catatan-temuan-ombudsman-sulsel-pada-program-makan-siang-gratis-di-makassar
Positif,"Program Makan Bergizi Gratis Mulai Uji Coba Serentak Di 17 Sekolah
 | Positif Inspiratif",https://madiuntoday.id/berita/2025/01/06/program-makan-bergizi-gratis-mulai-uji-coba-serentak-di-17-sekolah
Netral,Program makan bergizi gratis Prabowo: Rp10.000 dapat menu makanan apa di Medan hingga Papua dan bagaimana kandungan gizinya? - BBC News Indonesia,https://www.bbc.com/indonesia/articles/ce3219dkq15o
Negatif,"China bantu Prabowo ongkosi makan bergizi gratis, tapi apa 'timbal balik' yang diminta China? - BBC News Indonesia",https://www.bbc.com/indonesia/articles/c04lvd4dw0yo
Negatif,Program makan bergizi gratis andalan Presiden Prabowo Subianto 'belum memenuhi standar kebutuhan gizi'  - BBC News Indonesia,https://www.bbc.com/indonesia/articles/cd0e05p7n1go
Negatif,Makan Bergizi Gratis: Antusiasme Dibayangi Potensi Korupsi,https://www.dw.com/id/makan-bergizi-gratis-antusiasme-dibayangi-potensi-korupsi/a-71230230
Positif,Food Truck Universitas Diponegoro: Makan Siang Gratis untuk Mahasiswa - Universitas Diponegoro,https://undip.ac.id/food-truck-2
Negatif,"Prabowo Tetapkan Anggaran Makan Bergizi Gratis Rp10 Ribu Per Anak, Cukup Bergizikah?",https://www.voaindonesia.com/a/prabowo-tetapkan-anggaran-makan-bergizi-gratis-rp10-ribu-per-anak-cukup-bergizikah-/7885835.html
Positif,Lanud Supadio Gelar Uji Coba Makan Siang Bergizi Gratis untuk Pelajar TK dan SD,https://tni-au.mil.id/berita/detail/lanud-supadio-gelar-uji-coba-makan-siang-bergizi-gratis-untuk-pelajar-tk-dan-sd
Netral,Program Makan Gratis Prabowo Sudah Terpikir sejak 2006,https://www.kompas.id/artikel/program-makan-siang-gratis-prabowo-sudah-terpikir-sejak-2006
Netral,Program Makan Siang Gratis Prabowo-Gibran Bersumber dari Pajak dan Subsidi BBM - Ikatan Konsultan Pajak Indonesia,https://ikpi.or.id/program-makan-siang-gratis-prabowo-gibran-bersumber-dari-pajak-dan-subsidi-bbm/
Positif,Sasaran Program Makan Bergizi Gratis Diperluas Hingga Pelajar SMA Sederajat,https://pekalongankota.go.id/berita/sasaran-program-makan-bergizi-gratis-diperluas-hingga-pelajar-sma-sederajat.html
Positif,"Tinjau Program Makan Bergizi Gratis di Bekasi, Wapres Tekankan Pentingnya Pemanfaatan Bahan Pangan Lokal - TP2S",https://stunting.go.id/tinjau-program-makan-bergizi-gratis-di-bekasi-wapres-tekankan-pentingnya-pemanfaatan-bahan-pangan-lokal/
Netral,Menuntut Ilmu Makan Siang Gratis ke Negeri China,https://www.kompas.id/artikel/menuntut-ilmu-makan-siang-gratis-ke-negeri-china
Negatif,Makan bergizi gratis ala Prabowo-Gibran dikhawatirkan tidak tepat sasaran dan 'menggerogoti' anggaran kementerian dan program lain - BBC News Indonesia,https://www.bbc.com/indonesia/articles/c72273z6xmdo
Negatif,Mengkritisi Program Makan Siang Gratis,https://www.kompas.id/artikel/mengkritisi-program-makan-siang-gratis
Positif,"Makan Bergizi Gratis di Surabaya Mulai Pekan Depan, Tahap Awal Ada 5 Sekolah - Dinas Komunikasi dan Informatika Provinsi Jawa Timur",https://kominfo.jatimprov.go.id/berita/makan-bergizi-gratis-di-surabaya-mulai-pekan-depan-tahap-awal-ada-5-sekolah
Netral,Apakah Program Makan Siang Gratis Bisa Jadi Gerakan Sosial?,https://www.kompas.id/artikel/membebani-fiskal-makan-bergizi-gratis-apa-bisa-jadi-gerakan-sosial
Negatif,Makan siang gratis: Mungkinkah kebijakan Prabowo-Gibran diwujudkan tanpa bergantung pada impor bahan pangan? - BBC News Indonesia,https://www.bbc.com/indonesia/articles/c4nw109pyx1o
Positif,"Launching Program Makan Bergizi Gratis di Pebayuran, Pj Bupati Harapkan Cetak Generasi Sehat dan Berdaya Saing",https://www.bekasikab.go.id/launching-program-makan-bergizi-gratis-di-pebayuran-pj-bupati-harapkan-cetak-generasi-sehat-dan-berdaya-saing
Negatif,Makan Bergizi Gratis yang Terus Disorot,https://www.kompas.id/artikel/makan-bergizi-gratis-yang-terus-disorot
Negatif,Anggaran Makan Bergizi Gratis Dapat Membengkak ke Rp 171 Triliun pada 2025,https://www.kompas.id/artikel/anggaran-makan-bergizi-gratis-dapat-membengkak-jadi-rp-171-triliun-di-tahun-pertama
Positif,14 sekolah dapat makan bergizi gratis di Banjarmasin - ANTARA News Kalimantan Selatan,https://kalsel.antaranews.com/berita/447654/14-sekolah-dapat-makan-bergizi-gratis-di-banjarmasin
Negatif,Makan Gratis Pakai Anggaran Pendidikan: Tipu-Tipu Pemenuhan 20% APBN untuk Pendidikan | ICW,https://antikorupsi.org/id/makan-gratis-pakai-anggaran-pendidikan-tipu-tipu-pemenuhan-20-apbn-untuk-pendidikan
Positif,Makan Siang Gratis dan Literasi Fungsional,https://www.kompas.id/artikel/makan-siang-gratis-dan-literasi-fungsional
Negatif,"Gagal fokus Prabowo: Papua lebih butuh akses pendidikan, bukan makan siang gratis",https://theconversation.com/gagal-fokus-prabowo-papua-lebih-butuh-akses-pendidikan-bukan-makan-siang-gratis-250181
Negatif,Mitra Dapur Makan Bergizi Gratis Bakal Lapor ke Polisi Karena Belum Dibayar Sepeser Pun | tempo.co,https://www.tempo.co/hukum/mitra-dapur-makan-bergizi-gratis-bakal-lapor-ke-polisi-karena-belum-dibayar-sepeser-pun-1231791
Negatif,"Makan Siang Gratis Butuh Rp71 Triliun, Dijamin Tak Potong Dana BOS",https://news.ddtc.co.id/berita/nasional/1805207/makan-siang-gratis-butuh-rp71-triliun-dijamin-tak-potong-dana-bos
Negatif,"Apresiasi Kecepatan Makan Siang Bergizi Gratis, MUI Ingatkan Jaminan Kehalalan - mui.or.id",https://mui.or.id/baca/berita/apresiasi-kecepatan-makan-siang-bergizi-gratis-mui-ingatkan-jaminan-kehalalan?page=1
Positif,Program Makan Siang Bergizi Gratis Didukung 2 Perusahaan Tambang dan Dihadiri Langsung Anggota DPRRI  - BERITA KOLUT,https://berita.kolutkab.go.id/program-makan-siang-bergizi-gratis-didukung-2-perusahaan-tambang-dan-dihadiri-langsung-anggota-dprri/
Positif,"Deputy minister urges expanded MBG coverage for mothers, toddlers - ANTARA News Jawa Timur",https://jatim.antaranews.com/berita/1054653/deputy-minister-urges-expanded-mbg-coverage-for-mothers-toddlers
Negatif,"Video: 72 Siswa Keracunan MBG di Jaktim, Wamenkes Ungkap Pemicunya",https://20.detik.com/detikupdate/20260406-260406040/video-72-siswa-keracunan-mbg-di-jaktim-wamenkes-ungkap-pemicunya
Negatif,BGN Minta Maaf usai Adanya 72 Siswa SD Diduga Keracunan MBG di Duren Sawit,https://nasional.kompas.com/read/2026/04/04/16012751/bgn-minta-maaf-usai-adanya-72-siswa-sd-diduga-keracunan-mbg-di-duren-sawit
Negatif,"72 Siswa Keracunan MBG di Jakarta Timur, Pramono: Karena Spageti | Republika Online",https://news.republika.co.id/berita/td1umk484/72-siswa-keracunan-mbg-di-jakarta-timur-pramono-karena-spagheti
Negatif,Dapur MBG Pondok Kelapa Disuspend BGN Tanpa Batas Waktu Usai 72 Orang Keracunan,https://wartaekonomi.co.id/read606761/dapur-mbg-pondok-kelapa-disuspend-bgn-tanpa-batas-waktu-usai-72-orang-keracunan
Negatif,"Cegah Keracunan MBG, Guru Besar Usul Pihak Ketiga Sertifikasi SPPG",https://www.metrotvnews.com/read/KYVCemwJ-cegah-keracunan-mbg-guru-besar-usul-pihak-ketiga-sertifikasi-sppg
Positif,"Bekesah - Aturan Menu Berubah, Siswa di Bontang Terima MBG sampai Jumat",https://bekesah.co/aturan-menu-berubah-siswa-di-bontang-terima-mbg-sampai-jumat
Negatif,Wamen Isyana sebut pentingnya tingkatkan distribusi MBG bagi 3B,https://gorontalo.antaranews.com/berita/398093/wamen-isyana-sebut-pentingnya-tingkatkan-distribusi-mbg-bagi-3b
Netral,Wamendagri tekankan kepala daerah di Kepri kawal kelancaran program MBG - ANTARA News Kepulauan Riau - Berita Kepulauan Riau Terkini,https://kepri.antaranews.com/berita/255265/wamendagri-tekankan-kepala-daerah-di-kepri-kawal-kelancaran-program-mbg
Positif,"Ekonomi sepekan, pinjaman lewat Kopdes hingga MBG hanya hari sekolah - ANTARA News",https://www.antaranews.com/berita/5511637/ekonomi-sepekan-pinjaman-lewat-kopdes-hingga-mbg-hanya-hari-sekolah
Negatif,Anggota DPR Desak SPPG Tutup Permanen Usai Keracunan Massal | tempo.co,https://www.tempo.co/politik/anggota-dpr-desak-sppg-tutup-permanen-usai-keracunan-massal-2126844
Negatif,"72 Siswa Dirawat Usai Konsumsi MBG di Jaktim, DPRD DKI Minta Pengawasan Diperketat",https://www.liputan6.com/news/read/6310372/72-siswa-dirawat-usai-konsumsi-mbg-di-jaktim-dprd-dki-minta-pengawasan-diperketat
Positif,Penyesuaian MBG untuk penghematan anggaran - Infografik ANTARA News,https://www.antaranews.com/infografik/5510397/penyesuaian-mbg-untuk-penghematan-anggaran
Negatif,"72 Siswa Keracunan MBG, Komisi IX DPR Desak SPPG Pondok Kelapa Ditutup Permanen",https://www.liputan6.com/news/read/6310244/72-siswa-keracunan-mbg-komisi-ix-dpr-desak-sppg-pondok-kelapa-ditutup-permanen
Positif,Pramono: Mayoritas Siswa Korban Keracunan MBG di Jaktim Sudah Pulih,https://www.liputan6.com/news/read/6310617/pramono-mayoritas-siswa-korban-keracunan-mbg-di-jaktim-sudah-pulih
Positif,"Kisah Budi, Difabel yang Temukan Kesempatan Kedua di Dapur MBG",https://www.liputan6.com/disabilitas/read/6310295/kisah-budi-difabel-yang-temukan-kesempatan-kedua-di-dapur-mbg
Negatif,BGN siap bertanggung jawab bagi korban keracunan MBG di Jaktim - ANTARA News,https://www.antaranews.com/berita/5510765/bgn-siap-bertanggung-jawab-bagi-korban-keracunan-mbg-di-jaktim
Negatif,Puluhan siswa dari empat sekolah Jaktim diduga keracunan spageti MBG - ANTARA News,https://www.antaranews.com/berita/5510753/puluhan-siswa-dari-empat-sekolah-jaktim-diduga-keracunan-spageti-mbg
Positif,Viral Aksi Pelajar SMAN 1 Cikeusal Banten Bagikan Jatah MBG ke Masyarakat Kurang Mampu,https://www.liputan6.com/regional/read/6311025/viral-aksi-pelajar-sman-1-cikeusal-banten-bagikan-jatah-mbg-ke-masyarakat-kurang-mampu
Positif,"Kata Abdul Mu'ti, Siswa Hadir di Sekolah karena Ada MBG | tempo.co",https://www.tempo.co/wawancara/mbg-naik-kelas-dalam-program-pendidikan-2126585
Negatif,"SPPG Manglid 2 Stop Operasional, PIC MBG: Evaluasi Total dan Rotasi Personel Dilakukan | RADAR NUSANTARA NEWS",http://www.radarnusantara.com/2026/04/sppg-manglid-2-stop-operasional-pic-mbg.html
Negatif,"136 Dapur MBG di Sulsel Ditutup Sementara, 2 Diantaranya di Tana Toraja - Kareba Toraja",https://kareba-toraja.com/136-dapur-mbg-di-sulsel-ditutup-sementara-2-diantaranya-di-tana-toraja/
Positif,Optimalisasi Program MBG Berpotensi Hemat Rp20 Triliun - Media Keuangan,https://mediakeuangan.kemenkeu.go.id/article/show/optimalisasi-program-mbg-berpotensi-hemat-rp20-triliun
Positif,"KSP Sebut MBG telah Capai 61,2 Juta Penerima Manfaat, dorong Keterlibatan UMKM – Kantor Staf Presiden",https://www.ksp.go.id/presiden-prabowo-gelar-silaturahmi-dan-diskusi-dengan-tokoh-nasional-bahas-dampak-perang-iran-terhadap-stabilitas-dan-ekonomi-dunia-2.html
Netral,malang-post.com - Babinsa Kedungkandang Kawal Distribusi MBG Demi Kelancaran dan Ketepatan Sasaran,https://malang-post.com/2026/04/06/babinsa-kedungkandang-kawal-distribusi-mbg-demi-kelancaran-dan-ketepatan-sasaran/
Negatif,Kasus Keracunan MBG di Duren Sawit: Permintaan Maaf BGN dan Evaluasi Besar Program Makan Gratis,https://kuatbaca.com/umum/kasus-keracunan-mbg-di-duren-sawit-permintaan-maaf-bgn-dan-evaluasi-besar-program-makan-gratis-17753536578658-1383769
Positif,"Pemerintah Percepat Distribusi MBG, Fokus Perluasan ke Pesantren",https://www.nusantaratv.com/news/pemerintah-percepat-distribusi-mbg-fokus-perluasan-ke-pesantren
Positif,"Sekretariat Kabinet Republik Indonesia | Presiden Prabowo Tegaskan Komitmen Program Makan Bergizi Gratis, Kini Jangkau Lebih dari 60 Juta Penerima Manfaat - Sekretariat Kabinet Republik Indonesia",https://setkab.go.id/presiden-prabowo-tegaskan-komitmen-program-makan-bergizi-gratis-kini-jangkau-lebih-dari-60-juta-penerima-manfaat-2/
Netral,"Baru Jangkau 10 Persen, Pemerintah Fokuskan Pemberian MBG di Pondok Pesantren",https://www.liputan6.com/news/read/6309852/baru-jangkau-10-persen-pemerintah-fokuskan-pemberian-mbg-di-pondok-pesantren
Positif,Pemprov Kalteng Tegaskan Komitmen Sukseskan Program Makan Bergizi Gratis - PEMERINTAH PROVINSI KALIMANTAN TENGAH,https://kalteng.go.id/berita/read/42470/pemprov-kalteng-tegaskan-komitmen-sukseskan-program-makan-bergizi-gratis
Negatif,Kemensetneg Tekankan Pentingnya Perbaikan Komunikasi Publik Guna Keberhasilan Makan Bergizi Gratis | Sekretariat Negara,https://www.setneg.go.id/baca/index/kemensetneg_tekankan_pentingnya_perbaikan_komunikasi_publik_guna_keberhasilan_makan_bergizi_gratis
Negatif,Makan (Tidak) Bergizi (Tidak) Gratis – CELIOS,https://celios.co.id/makan-tidak-bergizi-tidak-gratis/
Negatif,"Suara Anak Kampung Sukabumi Menggema: Makan Gratis Penting, Tapi Pendidikan Lebih Mendesak - Mitrapol",https://mitrapol.com/2026/04/03/suara-anak-kampung-sukabumi-menggema-makan-gratis-penting-tapi-pendidikan-lebih-mendesak/
Netral,Program Pemerintah Makan Bergizi Gratis Antara Harapan dan Tantangan Ke Depan,https://djpb.kemenkeu.go.id/kppn/magelang/id/data-publikasi/artikel/2976-program-pemerintah-makan-bergizi-gratis-antara-harapan-dan-tatangan-ke-depan.html
Positif,"Kecamatan Cibitung Dukung Program Makan Bergizi Gratis, Jangkau 40 Ribu Penerima Manfaat","Kecamatan Cibitung Dukung Program Makan Bergizi Gratis, Jangkau 40 Ribu Penerima Manfaat"
Negatif,MBG digugat ke MK karena 'memakan' sepertiga dana pendidikan – Seberapa mungkin dikabulkan? - BBC News Indonesia,https://www.bbc.com/indonesia/articles/cn42dl7wykpo
Positif,Program Makan Bergizi Gratis 3B Resmi Dimulai di Banua Lima,https://mediacenter.baritotimurkab.go.id/program-makan-bergizi-gratis-3b-resmi-dimulai-di-banua-lima/
Negatif,Program Makan Bergizi Gratis Dinilai Sarat Masalah Tata Kelola,https://www.kompas.id/artikel/program-makan-bergizi-gratis-dinilai-sarat-masalah-tata-kelola
Positif,Bupati Bone Luncurkan Program Makan Bergizi Gratis di Kecamatan Patimpeng – Website Resmi Pemerintah Kabupaten Bone,https://bone.go.id/2025/12/09/bupati-bone-luncurkan-program-makan-bergizi-gratis-di-kecamatan-patimpeng/
Negatif,MBG Lansia: Hal-hal yang perlu diperhatikan pemerintah dalam program MBG untuk lansia  - BBC News Indonesia,https://www.bbc.com/indonesia/articles/cy9yd1dv43xo
Positif,"Program Makan Bergizi Gratis Topang Kinerja Ekonomi RI, Dorong Permintaan Domestik dan Sektor Peternakan",https://wajokab.go.id/berita/detail/program-makan-bergizi-gratis-topang-kinerja-ekonomi-ri-dorong-permintaan-domestik-dan-sektor-peternakan
Positif,Pemerintah Matangkan Skema Makan Bergizi Gratis untuk Lansia di Atas 75 Tahun - TIMES Indonesia,https://jakarta.times.co.id/news/berita/ptMqaksLH/Pemerintah-Siapkan-Program-Makan-Bergizi-Gratis-dan-Pendampingan-untuk-Lansia
Positif,Ratusan Siswa MTsN 17 Jakarta Antusias Sambut Hari Pertama Program Makan Bergizi Gratis,https://dki.kemenag.go.id/berita/ratusan-siswa-mtsn-17-jakarta-antusias-sambut-hari-pertama-program-makan-bergizi-gratis-Mwmvf
Negatif,MBG: Gelombang aksi protes Makan Bergizi Gratis di berbagai daerah - BBC News Indonesia,https://www.bbc.com/indonesia/articles/c0rj9k29gqgo
Positif,Sosialisasi Program Makan Bergizi Gratis (MBG) Perkuat Upaya Penanggulangan Gizi dan Stunting di Buleleng! | Dinas Kesehatan,https://dinkes.bulelengkab.go.id/informasi/detail/berita/11_sosialisasi-program-makan-bergizi-gratis-mbg-perkuat-upaya-penanggulangan-gizi-dan-stunting-di-buleleng
Positif,"Tinjau Makan Bergizi Gratis, Bupati M. Syukur: Anak-Anak Semakin Semangat Sekolah - Pemkab Merangin",https://meranginkab.go.id/artikel/tinjau-makan-bergizi-gratis-bupati-m-syukur-anak-anak-semakin-semangat-sekolah
Positif,Pemerintah Matangkan Program Makan Gratis Lansia,https://nasional.tvrinews.com/berita/t2oqa9y-pemerintah-matangkan-program-makan-gratis-lansia
Positif,Sekda Tanjungpinang Zulhidayat Dukung Transparansi Program,https://wartakepri.co.id/2026/04/04/sekda-tanjungpinang-zulhidayat-dukung-transparansi-program-mbg-di-kepri/
Positif,INDEF Nilai Program Makan Bergizi Gratis Tak Bebani Fiskal Jangka Panjang - Ikatan Konsultan Pajak Indonesia,https://ikpi.or.id/indef-nilai-program-makan-bergizi-gratis-tak-bebani-fiskal-jangka-panjang/
Positif,Plt. Sekda Kalteng : Program Makan Bergizi Gratis Jadi Mesin Baru Penggerak Ekonomi Kalteng - PEMERINTAH PROVINSI KALIMANTAN TENGAH,https://kalteng.go.id/berita/read/42373/plt-sekda-kalteng-program-makan-bergizi-gratis-jadi-mesin-baru-penggerak-ekonomi-kalteng
Positif,Wagub Kalteng Resmikan SPPG Langkai 4 Pahandut untuk Perkuat Program Makan Bergizi Gratis - PEMERINTAH PROVINSI KALIMANTAN TENGAH,https://kalteng.go.id/berita/read/42382/wagub-kalteng-resmikan-sppg-langkai-4-pahandut-untuk-perkuat-program-makan-bergizi-gratis
Positif,"Prabowo: 99,99 Persen Program Makan Bergizi Gratis Harus Dinyatakan Berhasil",https://www.liputan6.com/news/read/6270422/prabowo-9999-persen-program-makan-bergizi-gratis-harus-dinyatakan-berhasil
Positif,"Rakor Program Makan Bergizi Gratis (MBG) “Menguatkan Kemitraan, Mendorong UMKM Naik Kelas” | Dinas Perdagangan, Perindustrian dan Koperasi, Usaha Kecil dan Menengah",https://disdagperinkopukm.bulelengkab.go.id/informasi/detail/artikel/37_rakor-program-makan-bergizi-gratis-mbg-menguatkan-kemitraan-mendorong-umkm-naik-kelas
Positif,"Bangun Generasi Sehat dan Unggul Melalui MBG, Wujudkan Gizi Seimbang untuk Masa Depan - Media Keuangan",https://mediakeuangan.kemenkeu.go.id/article/show/bangun-generasi-sehat-dan-unggul-melalui-mbg-wujudkan-gizi-seimbang-untuk-masa-depan
Netral,Wabup Pemalang Dorong Percepatan Program Makan Bergizi Gratis - Pemerintah Kabupaten Pemalang,https://www.pemalangkab.go.id/2025/10/wabup-pemalang-dorong-percepatan-program-makan-bergizi-gratis
Netral,Mensos Ungkap Tujuan Program Makan Bergizi Gratis untuk Lansia | tempo.co,https://www.tempo.co/politik/mensos-ungkap-tujuan-program-makan-bergizi-gratis-untuk-lansia-2090853
Positif,MIN 20 Jakarta Mulai Jalankan Program Makan Bergizi Gratis (MBG),https://dki.kemenag.go.id/berita/min-20-jakarta-mulai-jalankan-program-makan-bergizi-gratis-mbg-3e56r
Negatif,Krisis Makan Bergizi Gratis: Retaknya Kepercayaan Publik - Universitas Andalas,https://unand.ac.id/berita/opini/1504-opini-mahasiswa-mbg-program-pemerintah-janji
Positif,"Surabaya Dukung Penuh Program MBG Nasional: Tak hanya Makan Gratis, Tapi Bentuk Karakter Anak - Pemerintah Kota Surabaya",https://www.surabaya.go.id/id/berita/24309/surabaya-dukung-penuh-program-mbg-nasional-tak-hanya-makan-gratis-tapi-bentuk-karakter-anak
Positif,Yang Tak Terlihat Publik dari Program Makan Bergizi Gratis,https://www.kompas.id/artikel/yang-tak-terlihat-publik-dari-program-makan-bergizi-gratis
Positif,"36 juta penerima manfaat Program Makan Bergizi Gratis, pemerintah pastikan tidak ada yang tertinggal",https://bengkulu.antaranews.com/berita/444901/36-juta-penerima-manfaat-program-makan-bergizi-gratis-pemerintah-pastikan-tidak-ada-yang-tertinggal
,"Program Makan Gratis Sekolah Tertunda 15%, Pemerintah Akui Kekurangan Dapur | NNC Netralnews",https://www.netralnews.com/program-makan-gratis-sekolah-tertunda-15-pemerintah-akui-kekurangan-dapur/dDFicWo3dDhmRTh3QUJCMTM3TGY5dz09
Positif,Program Makan Bergizi Gratis: Investasi Gizi dan Ekonomi Daerah - Media Keuangan,https://mediakeuangan.kemenkeu.go.id/article/show/program-makan-bergizi-gratis-investasi-gizi-dan-ekonomi-daerah
Negatif,"2.162 SPPG Ditutup Sementara, Kepala BGN Jelaskan Alasannya - Gaya Hidup",https://www.bloombergtechnoz.com/detail-news/104981/2-162-sppg-ditutup-sementara-kepala-bgn-jelaskan-alasannya
,"Temuan Diduga Ulat pada Menu MBG, Operasional SPPG Cibitung Dihentikan | RADAR NUSANTARA NEWS",http://www.radarnusantara.com/2026/04/temuan-diduga-ulat-pada-menu-mbg.html
Netral,"Banggar dan Kepala BGN Rapat di DPR, Bahas Pelaksanaan Program MBG",https://www.viva.co.id/berita/nasional/1890123-banggar-dan-kepala-bgn-rapat-di-dpr-bahas-pelaksanaan-program-mbg
Negatif,"Heboh! Susu MBG Muncul di Minimarket, Badan Gizi Nasional Bilang Begini! Jangan Sampai Tertipu! - bisnismarket.com | Informatif-Inspiratif-Edukatif",https://bisnismarket.com/post/heboh-susu-mbg-muncul-di-minimarket-badan-gizi-nasional-bilang-begini-jangan-sampai-tertipu
Negatif,"Pastikan Standar Sanitasi, Badan Gizi Nasional Bekukan Sementara Operasional Sejumlah SPPG di Takalar | RADAR NUSANTARA NEWS",http://www.radarnusantara.com/2026/04/pastikan-standar-sanitasi-badan-gizi.html
Positif,Redaksi Sinpo TV Melakukan Audiensi Dengan Badan Gizi Nasional - Sinpo.id,https://sinpo.id/detail/117705/redaksi-sinpo-tv-melakukan-audiensi-dengan-badan-gizi-nasional
Positif,"Badan Gizi Nasional Gelar Sosialisasi Bersama Komunitas, Dukung Implementasi Program MBG - Info Kejadian Makassar",https://infokejadianmakassar.com/2026/04/01/badan-gizi-nasional-gelar-sosialisasi-bersama-komunitas-dukung-implementasi-program-mbg/
Positif,"BGN terbitkan aturan baru, SPPG wajib kelola limbah MBG - ANTARA News",https://www.antaranews.com/berita/5486606/bgn-terbitkan-aturan-baru-sppg-wajib-kelola-limbah-mbg
Negatif,"SPPG di Cakung Berhadapan Dengan Tumpukan Sampah Menggunung, Izin Langsung Dicabut BGN – GARUDA TV",https://garuda.tv/sppg-di-cakung-berhadapan-dengan-tumpukan-sampah-menggunung-izin-langsung-dicabut-bgn/
Netral,"Alokasi Anggaran Pendidikan 2026, Terbesar untuk BGN",https://databoks.katadata.co.id/infografik/2026/04/06/alokasi-anggaran-pendidikan-2026-terbesar-untuk-bgn
Negatif,"Buntut Keracunan, Operasional SPPG Pondok Kelapa Ditangguhkan | tempo.co",https://www.tempo.co/foto/arsip/buntut-keracunan-operasional-sppg-pondok-kelapa-ditangguhkan-2126965
Negatif,INFOGRAFIS DPR Minta SPPG Ditutup Usai Kasus Keracunan - KabarBursa.com,https://www.kabarbursa.com/infografis/infografis-dpr-minta-sppg-ditutup-usai-kasus-keracunan
Positif,Penutupan Dapur MBG Dinilai Langkah Korektif BGN Penuhi Jaminan Mutu,https://www.katakini.com/artikel/137758/penutupan-dapur-mbg-dinilai-langkah-korektif-bgn-penuhi-jaminan-mutu/
Negatif,"SPPG Kena Suspend, BGN: Insentif Rp6 Juta per Hari Tak Dibayar",https://news.ddtc.co.id/berita/nasional/1818015/sppg-kena-suspend-bgn-insentif-rp6-juta-per-hari-tak-dibayar
Negatif,"12 Dapur MBG Kutim Disetop Sementara, IPAL Tak Standar, Koorwil BGN Masih 'Membisu' - Pranala.co",https://pranala.co/12-dapur-mbg-kutim-disetop-sementara-ipal-tak-standar-koorwil-bgn-masih-membisu/
Negatif,DPR Minta SPPG Ditutup Total: Kasus Keracunan di Pondok Kelapa,https://www.kabarbursa.com/makro/dpr-minta-sppg-ditutup-total-kasus-keracunan-di-pondok-kelapa
Positif,DPRD NTB Dukung Langkah Tegas BGN Stop Operasional Ratusan SPPG - SUARANTB.com,https://suarantb.com/2026/04/06/dprd-ntb-dukung-langkah-tegas-bgn-stop-operasional-ratusan-sppg/
Positif,Badan Gizi Nasional ajak masyarakat gunakan Call Center 127 untuk kawal program Makan Bergizi Gratis - ANTARA News Sumatera Selatan,https://sumsel.antaranews.com/berita/812843/badan-gizi-nasional-ajak-masyarakat-gunakan-call-center-127-untuk-kawal-program-makan-bergizi-gratis
Positif,Wagub Edy Pratowo Terima Audiensi Deputi Badan Gizi Nasional – BIRO ADMINISTRASI PIMPINAN,https://biroadpim.kalteng.go.id/wagub-edy-pratowo-terima-audiensi-deputi-badan-gizi-nasional/
Negatif,DPR Dorong BGN Tutup Total Semua SPPG Penyebab Keracunan MBG,https://www.katakini.com/artikel/137743/dpr-dorong-bgn-tutup-total-semua-sppg-penyebab-keracunan-mbg/
Positif,"Komitmen Tingkatkan Kesejahteraan Masyarakat, Wakil Bupati Bone Audiensi dengan Badan Gizi Nasional – Website Resmi Pemerintah Kabupaten Bone",https://bone.go.id/2025/10/13/komitmen-tingkatkan-kesejahteraan-masyarakat-wakil-bupati-bone-audiensi-dengan-badan-gizi-nasional/
Negatif,BGN hentikan sementara SPPG di Gresik yang sajikan kelapa utuh - ANTARA News,https://www.antaranews.com/berita/5476622/bgn-hentikan-sementara-sppg-di-gresik-yang-sajikan-kelapa-utuh
Negatif,"Insiden MBG di Jakarta Timur, BGN Minta Maaf dan Tutup Dapur SPPG Pondok Kelapa",https://mediaindonesia.com/humaniora/876223/insiden-mbg-di-jakarta-timur-bgn-minta-maaf-dan-tutup-dapur-sppg-pondok-kelapa
Negatif,"RIAUPAGI.com
		

| Dewan Minta Keracunan MBG di  SPPG Harus Ditutup Permanen Tanpa Pengecualian",https://riaupagi.com/news/dewan-minta-keracunan-mbg-di-sppg-harus-ditutup-permanen-tanpa-pengecualian-202604066387/
Positif,Kepala Badan Gizi Nasional Menginstruksikan Dapur MBG Harus,https://tribratanews.polri.go.id/blog/nasional-3/kepala-badan-gizi-nasional-menginstruksikan-dapur-mbg-harus-tiru-yang-dikelola-oleh-polri-93156
Positif,BKN Dukung Program Prioritas Presiden Melalui Seleksi PPPK BGN 2025 Berbasis Sistem CAT - Badan Kepegawaian Negara (BKN RI),https://www.bkn.go.id/bkn-dukung-program-prioritas-presiden-melalui-seleksi-pppk-bgn-2025-berbasis-sistem-cat/
Negatif,Tutup Total SPPG yang Timbulkan Keracunan! - Lintas Lampung,https://web.lintaslampung.com/tutup-total-sppg-yang-timbulkan-keracunan/
Negatif,Badan Gizi Nasional (BGN) Tanggung Biaya Korban Keracunan MBG - MerahPutih,https://www.merahputih.com/post/read/spageti-maut-di-balik-ompreng-mbg-bikin-siswa-di-jaktim-masuk-rs-bgn-siap-tanggung-jawab
Positif,"Cegah Keracunan MBG, Guru Besar Usul Sertifikasi SPPG dari Pihak Ketiga – Jabar Publisher",https://jabarpublisher.com/2026/04/06/cegah-keracunan-mbg-guru-besar-usul-sertifikasi-sppg-dari-pihak-ketiga/
Positif,Kapolsek Bantul Cek Satuan Pelayanan Pemenuhan Gizi (SPPG) di Wilayah Kalurahan Trirenggo,https://jogja.polri.go.id/bantul/tribrata-news/online/detail/kapolsek-bantul-cek-satuan-pelayanan-pemenuhan-gizi--sppg--di-wilayah-kalurahan-trirenggo.html
Netral,"BGN Hentikan Sementara 1.256 SPPG di Indonesia Timur, Ini Alasannya | Infobanknews",https://infobanknews.com/bgn-hentikan-sementara-1-256-sppg-di-indonesia-timur-ini-alasannya/
Positif,"Dinilai Efektif, SPPG di Kota Malang Mulai Uji Coba Terapkan MBG Konsep Prasmanan",https://surabayapagi.com/news-266823-dinilai-efektif-sppg-di-kota-malang-mulai-uji-coba-terapkan-mbg-konsep-prasmanan
Negatif,"Satuan Pelayanan Pemenuhan Gizi (SPPG) Kota Magelang Terima Laporan Penipuan, soal Program Makan Bergizi Gratis, Mengaku dari Badan Gizi Nasional - Radar Jogja - Mengupas Keunikan Yogyakarta Lewat Berita",https://radarjogja.jawapos.com/amp/nusantara/2412300002/satuan-pelayanan-pemenuhan-gizi-sppg-kota-magelang-terima-laporan-penipuan-soal-program-makan-bergizi-gratis-mengaku-dari-badan-gizi-nasional
Negatif,Kabupaten Malang Masih Kekurangan Jumlah Satuan Pelayanan Pemenuhan Gizi - Radar Malang,https://radarmalang.jawapos.com/amp/kabupaten-malang/2604050015/kabupaten-malang-masih-kekurangan-jumlah-satuan-pelayanan-pemenuhan-gizi
Negatif,BGN Ungkap Alasan 1.789 Dapur MBG Disetop Sementara,https://www.liputan6.com/bisnis/read/6309206/bgn-ungkap-alasan-1789-dapur-mbg-disetop-sementara
Positif,BGN: Program MBG Pacu Pergerakan Ekonomi Daerah,https://tribratanews.polri.go.id/blog/nasional-3/bgn-program-mbg-pacu-pergerakan-ekonomi-daerah-99987
Positif,SPPG Sukowono Perkuat Pemenuhan Gizi Siswa di SD Sukodono 1 Pujer – KilasJatim.com,https://kilasjatim.com/2026/04/05/sppg-sukowono-perkuat-pemenuhan-gizi-siswa-di-sd-sukodono-1-pujer/
Negatif,"Program MBG Dievaluasi, BGN Beri Sanksi 1.251 SPPG | Infobanknews",https://infobanknews.com/program-mbg-dievaluasi-bgn-beri-sanksi-1-251-sppg/
Negatif,Badan Gizi Nasional Hentikan Sementara Operasional 1.528 Satuan Pelayanan Pemenuhan Gizi,https://wartaekonomi.co.id/read605562/badan-gizi-nasional-hentikan-sementara-operasional-1528-satuan-pelayanan-pemenuhan-gizi
Negatif,Dapur SPPG Dibangun Dekat Lahan Pembuangan Sampah,https://enamplus.liputan6.com/tv/read/6310351/dapur-sppg-dibangun-dekat-lahan-pembuangan-sampah
Netral,"Demi Keamanan Gizi Nasional, BGN Suspend 1.528 Dapur Satuan Pelayanan Pemenuhan Gizi – GARUDA TV",https://garuda.tv/demi-keamanan-gizi-nasional-bgn-suspend-1-528-dapur-satuan-pelayanan-pemenuhan-gizi/
Positif,"GUNA PEMENUHAN GIZI GRATIS, SATUAN PELAYANAN PEMENUHAN GIZI (SPPG) PEKON RAWAS RESMI DIBUKA - Kabupaten Pesisir Barat",https://pesisirbaratkab.go.id/berita/guna-pemenuhan-gizi-gratis-satuan-pelayanan-pemenuhan-gizi-sppg-pekon-rawas-resmi-dibuka-2
Netral,Mendes Yandri Minta Mitra Dapur Jaga Kualitas MBG,https://www.katakini.com/artikel/137705/mendes-yandri-minta-mitra-dapur-jaga-kualitas-mbg/
Positif,"LANGKAH NYATA PERANGI STUNTING, SATUAN PELAYANAN PEMENUHAN GIZI (SPPG) RESMI HADIR DI PEKON WAY REDAK - Kabupaten Pesisir Barat",https://pesisirbaratkab.go.id/berita/langkah-nyata-perangi-stunting-satuan-pelayanan-pemenuhan-gizi-sppg-resmi-hadir-di-pekon-way-redak
Negatif,BGN hentikan sementara operasional 1.512 SPPG di Pulau Jawa - ANTARA News Kalimantan Selatan,https://kalsel.antaranews.com/berita/509407/bgn-hentikan-sementara-operasional-1512-sppg-di-pulau-jawa
Positif,"SISTEM LAYANAN PENGADUAN SATUAN PELAYANAN PEMENUHAN GIZI (SPPG) RESMI DISOSIALISASIKAN, PEMKAB PESISIR BARAT DUKUNG TRANSPARANSI DAN KUALITAS - Kabupaten Pesisir Barat",https://pesisirbaratkab.go.id/berita/sistem-layanan-pengaduan-satuan-pelayanan-pemenuhan-gizi-sppg-resmi-disosialisasikan-pemkab-pesisir-barat-dukung-transparansi-dan-kualitas
Negatif,"62 Satuan Pelayanan Pemenuhan Gizi (SPPG) Dihentikan Sementara Selama Ramadhan, Ini Penyebabnya",https://www.bitvonline.com/kesehatan/62180/62-satuan-pelayanan-pemenuhan-gizi-sppg-dihentikan-sementara-selama-ramadhan-ini-penyebabnya/all/
Positif,SPPG didorong serap tenaga kerja dan gerakkan ekonomi,https://jatim.antaranews.com/foto/1050918/sppg-didorong-serap-tenaga-kerja-dan-gerakkan-ekonomi/3
Negatif,"BGN Setop Sementara Operasional 1.512 SPPG di Pulau Jawa, Ini Alasannya",https://www.liputan6.com/news/read/6295423/bgn-setop-sementara-operasional-1512-sppg-di-pulau-jawa-ini-alasannya
Positif,Presiden Prabowo: Program Pemenuhan Gizi Perkuat Fondasi Kebangkitan Ekonomi Nasional – Kantor Staf Presiden,https://www.ksp.go.id/presiden-prabowo-program-pemenuhan-gizi-perkuat-fondasi-kebangkitan-ekonomi-nasional.html
Positif,Wabup Bone Resmikan Satuan Pelayanan Pemenuhan Gizi (SPPG) Macanang – Website Resmi Pemerintah Kabupaten Bone,https://bone.go.id/2025/11/24/wabup-bone-resmikan-satuan-pelayanan-pemenuhan-gizi-sppg-macanang/
Positif,"Dukung Generasi Sehat, Kapolsek Mantrijeron Pantau Kesiapan Dapur Unit Pelayanan Pemenuhan Gizi",https://jogja.polri.go.id/yogyakarta/tribrata-news/online/detail/dukung-generasi-sehat--kapolsek-mantrijeron-pantau-kesiapan-dapur-unit-pelayanan-pemenuhan-gizi.html
Positif,"Dukung Program Gizi Nasional, Kapolda DIY Launching Satuan Pelayanan Pemenuhan Gizi (SPPG) Polri di Argorejo Bantul",https://jogja.polri.go.id/bantul/tribrata-news/online/detail/dukung-program-gizi-nasional--kapolda-diy-launching-satuan-pelayanan-pemenuhan-gizi--sppg--polri-di-argorejo-bantul.html
Positif,"Perkuat Program MBG, Presiden Prabowo Resmikan 1.072 SPPG dan 18 Gudang Ketahanan Pangan serta Groundbreaking 107 SPPG Polri – Kantor Staf Presiden",https://www.ksp.go.id/perkuat-program-mbg-presiden-prabowo-resmikan-1-072-sppg-dan-18-gudang-ketahanan-pangan-serta-groundbreaking-107-sppg-polri.html
Positif,Website DJKN,https://www.djkn.kemenkeu.go.id/kpknl-mataram/baca-berita/40531/KPKNL-Mataram-Mendukung-Program-Prioritas-Nasional-Makan-Bergizi-Gratis-melalui-Penilaian-SPPG-daerah-Terpencil.html
Negatif,"BGN Setop 47 Dapur MBG, Temukan Roti Berjamur hingga Lauk Basi | Infobanknews",https://infobanknews.com/bgn-setop-47-dapur-mbg-temukan-roti-berjamur-hingga-lauk-basi/
Positif,Aher Dukung Usulan Satuan Pelayanan Pemenuhan Gizi di PLBN Yetetkun Papua Selatan | Fraksi PKS,https://fraksi.pks.id/2026/02/23/aher-dukung-usulan-satuan-pelayanan-pemenuhan-gizi-di-plbn-yetetkun-papua-selatan/
Netral,Kepala BGN Sebut 32 Ribu Petugas SPPG Diangkat Jadi PPPK: Sudah Terima Gaji,https://www.liputan6.com/news/read/6299801/kepala-bgn-sebut-32-ribu-petugas-sppg-diangkat-jadi-pppk-sudah-terima-gaji
Positif,Launching SPPG Padangdangan Perkuat Layanan Gizi Masyarakat | Kabupaten Sumenep,https://www.sumenepkab.go.id/berita/baca/launching-sppg-padangdangan-perkuat-layanan-gizi-masyarakat
Positif,Situs Resmi Pemerintah Kota Bekasi,https://bekasikota.go.id/detail/dapur-sppg-jatibening-baru-diresmikan-wali-kota-bekasi-untuk-dukung-program-zero-stunting
Netral,Website Dinas Kesehatan Kota Yogyakarta,https://kesehatan.jogjakota.go.id/berita/id/706
Positif,Berita : SPPG KARANGASEM SELATAN TERAPKAN VARIAN MENU BERKECUKUPAN GIZI | Kanal Berita Pemkab. Batang,https://berita.batangkab.go.id/?p=1&id=14824
Positif,"Dukung Kualitas Kesehatan Anak, SPPG Pakuncen Wirobrajan Resmi Diluncurkan",https://jogja.polri.go.id/yogyakarta/tribrata-news/online/detail/dukung-kualitas-kesehatan-anak--sppg-pakuncen-wirobrajan-resmi-diluncurkan.html
Positif,Satuan pelayanan pemenuhan gizi ( SPPG ) Agro Gelem Hijau adakan buka puasa bersama. - Trust Media,https://trustmedia.id/satuan-pelayanan-pemenuhan-gizi-sppg-agro-gelem-hijau-adakan-buka-puasa-bersama/
Negatif,"Sajikan Kelapa Utuh, 9 Dapur MBG di Gresik Kena Suspend",https://www.liputan6.com/news/read/6298414/sajikan-kelapa-utuh-9-dapur-mbg-di-gresik-kena-suspend
Positif,Peresmian dan Tasyakuran Satuan Pelayanan Pemenuhan Gizi di Desa Sidomulyo,https://kec-purworejo.purworejokab.go.id/peresmian-dan-tasyakuran-satuan-pelayanan-pemenuhan-gizi-di-desa-sidomulyo
Positif,Kang Suyat Minta Satuan Pelayanan Gizi Utamakan Bahan Pangan Lokal – Dinas Komunikasi dan Informatika Kab. Magetan,https://kominfo.magetan.go.id/kang-suyat-minta-satuan-pelayanan-gizi-utamakan-bahan-pangan-lokal/
Positif,"Dapur SPPG Jatibening Baru Diresmikan, Wali Kota Bekasi Untuk Dukung Program Zero Stunting",https://smartcity.bekasikota.go.id/berita/8050
Positif,Presiden Prabowo Anugerahkan Tanda Kehormatan kepada 70 Tokoh Penggerak Gizi dan Ketahanan Pangan Nasional – Kantor Staf Presiden,https://www.ksp.go.id/presiden-prabowo-anugerahkan-tanda-kehormatan-kepada-70-tokoh-penggerak-gizi-dan-ketahanan-pangan-nasional.html
Negatif,Bekesah - 5 Poin Penting Kenapa 9 SPPG di Bontang Berhenti Operasional Sementara,https://bekesah.co/5-poin-penting-kenapa-9-sppg-di-bontang-berhenti-operasional-sementara
Negatif,DPRD NTB: Penutupan sementara ratusan SPPG untuk keamanan makanan - ANTARA News,https://www.antaranews.com/berita/5512117/dprd-ntb-penutupan-sementara-ratusan-sppg-untuk-keamanan-makanan
Negatif,"Mesin Sterilisasi Meledak di Dapur SPPG Carenang, Dua Relawan Alami Luka Bakar · Faktabanten.co.id",https://faktabanten.co.id/serang/mesin-sterilisasi-meledak-di-dapur-sppg-carenang-dua-relawan-alami-luka-bakar/
Negatif,8 Dapur SPPG Berau Dihentikan Sementara Operasionalnya - A News,https://www.a-news.id/8-dapur-sppg-berau-dihentikan-sementara-operasionalnya/
Negatif,"Bekesah - Puluhan SPPG Balikpapan Disetop, Limbah Jadi Masalah",https://bekesah.co/puluhan-sppg-balikpapan-disetop-limbah-jadi-masalah
Positif,"Kunjungi SPPG di Kecamatan Mamosalato, Bupati Delis Pastikan Program Nasional Presiden RI Sukses Terlaksana di Morut - POSONEWS.ID",https://posonews.id/2026/04/06/kunjungi-sppg-di-kecamatan-mamosalato-bupati-delis-pastikan-program-nasional-presiden-ri-sukses-terlaksana-di-morut/
Negatif,"Laporkan Warga soal Roti MBG Berulat, Kepala SPPG di Loteng Dilaporkan Balik - SUARANTB.com",https://suarantb.com/2026/04/06/laporkan-warga-soal-roti-mbg-berulat-kepala-sppg-di-loteng-dilaporkan-balik/
Negatif,"Keracunan Lagi, DPR Pilih Opsi Penutupan SPPG Secara Permanen | RIAU24.COM",https://citizen.riau24.com/berita/baca/1775445428-keracunan-lagi-dpr-pilih-opsi-penutupan-sppg-secara-permanen
Positif,"Wujud Komitmen Polri Dukung MBG, Polsek Sipispis Hadiri Syukuran Peresmian Dapur SPPG",https://ketikberita.com/wujud-komitmen-polri-dukung-mbg-polsek-sipispis-hadiri-syukuran-peresmian-dapur-sppg/
Netral,"Sidak Viral Bikin Geger, SPPG Lempongsari Kini Dikebut Renovasi",https://lingkartv.com/sppg-lempongsari-kini-dikebut-renovasi/
Netral,Komisi IV Minta Dinas Selektif Mengeluarkan Izin Operasional SPPG - SUARANTB.com,https://suarantb.com/2026/04/06/komisi-iv-minta-dinas-selektif-mengeluarkan-izin-operasional-sppg/
Netral,"SPPG Cikadu Bersiap Launching, 46 Petugas Jalani Tes Kesehatan | RADAR NUSANTARA NEWS",http://www.radarnusantara.com/2026/04/sppg-cikadu-bersiap-launching-46.html
Negatif,"4.755 Kasus Keracunan MBG dalam Dua Bulan, FSGI Minta Evaluasi SPPG Besar-Besaran",https://voi.id/berita/568336/4-755-kasus-keracunan-mbg-dalam-dua-bulan-fsgi-minta-evaluasi-sppg-besar-besaran
Negatif,DPR Desak Penutupan Permanen SPPG Bermasalah Usai Kasus Keracunan MBG,https://rmol.id/politik/read/2026/04/06/702821/dpr-desak-penutupan-permanen-sppg-bermasalah-usai-kasus-keracunan-mbg
Negatif,"Diduga Tidak Sesuai SOP, Dapur SPPG Carenang Meledak, Dua Orang Alami Luka Bakar",https://www.serangtimur.co.id/2026/04/diduga-tidak-sesuai-sop-dapur-sppg.html
Negatif,Tak Ada Toleransi! DPR Minta SPPG Penyebab Keracunan MBG Ditutup Permanen,https://wartaekonomi.co.id/read606760/tak-ada-toleransi-dpr-minta-sppg-penyebab-keracunan-mbg-ditutup-permanen
Netral,Bupati Bone Meresmikan SPPG Di Tiga Kecamatan – Website Resmi Pemerintah Kabupaten Bone,https://bone.go.id/2026/03/31/bupati-bone-meresmikan-sppg-di-tiga-kecamatan/
Negatif,"MBG: Bukan Sekadar Masak, Limbah jadi Sorotan Tajam",https://tabloidsinartani.com/detail//indeks/pangan/27070-MBG-Bukan-Sekadar-Masak-Limbah-jadi-Sorotan-Tajam
Negatif,"72 Siswa Keracunan MBG dari SPPG Jaktim, DPR: Jangan Cuma Di-Suspended, Langsung Tutup Permanen",https://wartaekonomi.co.id/read606775/72-siswa-keracunan-mbg-dari-sppg-jaktim-dpr-jangan-cuma-di-suspended-langsung-tutup-permanen
Positif,SPPG Karamat Rayakan Keberhasilan SMAN 2 Sukabumi sebagai Sekolah Terbaik Jawa Barat Dengan Sajian Nasi Tumpeng - Sukabumi Ku,https://sukabumiku.id/sppg-karamat-rayakan-keberhasilan-sman-2-sukabumi-sebagai-sekolah-terbaik-jawa-barat-dengan-sajian-nasi-tumpeng/
Netral,Satgas MBG Nganjuk Evaluasi Kelayakan SPPG Dekat Gudang Tembakau - Suara Jatim Post,https://suarajatimpost.com/satgas-mbg-nganjuk-evaluasi-kelayakan-sppg-dekat-gudang-tembakau
Netral,Satgas Diminta Perketat Pengawasan Operasional dan Izin SPPG - SUARANTB.com,https://suarantb.com/2026/04/05/satgas-diminta-perketat-pengawasan-operasional-dan-izin-sppg/
Negatif,"106 Dapur MBG Ditutup Sementara, Wabup Lotim Khawatir Guncang Ekonomi | EkbisNTB.com",https://ekbisntb.com/06/04/2026/106-dapur-mbg-ditutup-sementara-wabup-lotim-khawatir-guncang-ekonomi/
Netral,Bupati Siak Beri Penegasan pada SPPG Beli Hasil Produksi Kelompok Usaha Lokal,https://www.riau1.com/berita/siak/bupati-siak-beri-penegasan-pada-sppg-beli-hasil-produksi-kelompok-usaha-lokal
Negatif,"72 Siswa Keracunan MBG di Duren Sawit, DPRD DKI Desak Evaluasi Total SPPG",https://voi.id/berita/568368/72-siswa-keracunan-mbg-di-duren-sawit-dprd-dki-desak-evaluasi-total-sppg
Netral,BGN Jatim Tekan Peningkatan Kualitas Menu Makanan dalam Pertemuan Halalbihalal SPPG se-Pamekasan – Beritalima.com,https://beritalima.com/bgn-jatim-tekan-peningkatan-kualitas-menu-makanan-dalam-pertemuan-halalbihalal-sppg-se-pamekasan/
Negatif,"MAHASISWA BERSUARA: Program Makan Bergizi Gratis, Keberlanjuta...",https://bandungbergerak.id/article/detail/1546035995/mahasiswa-bersuara-program-makan-bergizi-gratis-keberlanjutan-fiskal-dan-ambisi-pembangunan
Netral,"BGN Pastikan Hari Pertama Operasional MBG Tahun 2026, Kamis 8 Januari Mendatang  - Sumatera News",https://sumateranews.co.id/bgn-pastikan-hari-pertama-operasional-mbg-tahun-2026-kamis-8-januari-mendatang/
Netral,Bukan untuk Siswa! Ini 3 Kategori Penerima MBG yang Dikirim ke Rumah - WartaBromo,https://www.wartabromo.com/2025/12/22/bukan-untuk-siswa-ini-3-kategori-penerima-mbg-yang-dikirim-ke-rumah/
Positif,Pemerintah Pastikan Transparansi dan Tata Kelola Jaga Kualitas MBG - LAMPUNG MEDIA,https://lampungmediaonline.com/pemerintah-pastikan-transparansi-dan-tata-kelola-jaga-kualitas-mbg/
Netral,Berapa Gaji Karyawan MBG? Yuk Cari Tahu Informasinya di sini - Gaya Hidup - Page 2,https://www.bloombergtechnoz.com/detail-news/90336/berapa-gaji-karyawan-mbg-yuk-cari-tahu-informasinya-di-sini/2
Positif,Luhut Siahaan Dukung Revisi Perpres 83/2024 dan Tata Kelola MBG - RMOLSUMUT.ID,https://www.rmolsumut.id/luhut-siahaan-dukung-revisi-perpres-832024-dan-tata-kelola-mbg
Netral,Pengesahan Perpres MBG Tunggu Masukan Kementerian Kesehatan | tempo.co,https://www.tempo.co/politik/pengesahan-perpres-mbg-tunggu-masukan-kementerian-kesehatan-2078324
Positif,Sekretariat Kabinet Republik Indonesia | Inilah Perpres 83 Tahun 2024 tentang Badan Gizi Nasional - Sekretariat Kabinet Republik Indonesia,https://setkab.go.id/inilah-perpres-83-tahun-2024-tentang-badan-gizi-nasional/
Netral,IMPLEMENTASI PROGRAM MAKAN BERGIZI GRATIS PADA WILAYAH SEMAKU,https://djpb.kemenkeu.go.id/kppn/manna/id/data-publikasi/artikel/3240-implementasi-program-makan-bergizi-gratis-pada-wilayah-semaku.html
Netral,Siapa Saja Penerima MBG? Ini 4 Kelompok Sasaran Sesuai Perpres Nomor 83 Tahun 2024,https://regional.kontan.co.id/news/siapa-saja-penerima-mbg-ini-4-kelompok-sasaran-sesuai-perpres-nomor-83-tahun-2024
Netral,Perpres Program MBG akan Diteken Sepulang Presiden dari Amerika | tempo.co,https://www.tempo.co/politik/perpres-program-mbg-akan-diteken-sepulang-presiden-dari-amerika-2072904
Netral,"Pemerintah Salurkan Makan Bergizi Gratis (MBG), Ini Sasaran Utama Penerimanya - Media Keuangan",https://mediakeuangan.kemenkeu.go.id/article/show/pemerintah-salurkan-makan-bergizi-gratis-mbg-ini-sasaran-utama-penerimanya
Netral,Prabowo Bakal Segera Teken Perpres Tata Kelola Makan Bergizi Gratis | tempo.co,https://www.tempo.co/politik/prabowo-bakal-segera-teken-perpres-tata-kelola-makan-bergizi-gratis-2075279
Netral,UU dan Perpres MBG untuk tata kelola berkelanjutan - ANTARA News,https://www.antaranews.com/berita/5157045/uu-dan-perpres-mbg-untuk-tata-kelola-berkelanjutan?page=all
Netral,Puan: Pemerintah Segera Teken Perpres Tata Kelola Makan Bergizi Gratis | tempo.co,https://www.tempo.co/politik/puan-pemerintah-segera-teken-perpres-tata-kelola-makan-bergizi-gratis-2075553
Netral,Surat Edaran BGN: Guru Penanggung Jawab MBG Dapat Insentif Rp 100 Ribu | tempo.co,https://www.tempo.co/politik/surat-edaran-bgn-guru-penanggung-jawab-mbg-dapat-insentif-rp-100-ribu-2075131
Netral,Presiden terbitkan Perpres pembentukan Badan Gizi Nasional,https://jambi.antaranews.com/berita/585635/presiden-terbitkan-perpres-pembentukan-badan-gizi-nasional
Netral,Sekretariat Kabinet Republik Indonesia | Pemerintah Terbitkan Perpres 82/2024 tentang Kantor Komunikasi Kepresidenan - Sekretariat Kabinet Republik Indonesia,https://setkab.go.id/pemerintah-terbitkan-perpres-82-2024-tentang-kantor-komunikasi-kepresidenan/
Negatif,"Marak Kasus Keracunan, Seperti Apa Tata Kelola MBG? - Olenka",https://olenka.id/marak-kasus-keracunan-seperti-apa-tata-kelola-mbg/all
Netral,Jokowi Keluarkan Perpres tentang Pembentukan Badan Gizi Nasional - TIMES Indonesia,https://jogja.times.co.id/news/berita/b1pekm22bt/Jokowi-Keluarkan-Perpres-tentang-Pembentukan-Badan-Gizi-Nasional
Netral,Kepala Badan yang Baru Dilantik,https://indonesiabaik.id/infografis/kepala-badan-yang-baru-dilantik
Netral,Jokowi Teken Pembentukan Badan Gizi Nasional,https://www.kabarbursa.com/makro/jokowi-teken-pembentukan-badan-gizi-nasional
Netral,Presiden Jokowi terbitkan Perpres pembentukan Badan Gizi Nasional,https://papuatengah.antaranews.com/berita/50215/presiden-jokowi-terbitkan-perpres-pembentukan-badan-gizi-nasional
Netral,Alasan Jokowi Bentuk Badan Gizi Nasional,https://validnews.id/nasional/alasan-jokowi-bentuk-badan-gizi-nasional
Netral,Mengenal Badan Gizi Nasional dan alasan pembentukannya - ANTARA News,https://www.antaranews.com/berita/4274307/mengenal-badan-gizi-nasional-dan-alasan-pembentukannya
Netral,"Badan Gizi Nasional: pengertian, tugas dan fungsinya - ANTARA News",https://www.antaranews.com/berita/4480677/badan-gizi-nasional-pengertian-tugas-dan-fungsinya
Negatif,Perpres Kantor Komunikasi Kepresidenan Digugat ke MA,https://www.metrotvnews.com/read/KYVC4Jdl-perpres-kantor-komunikasi-kepresidenan-digugat-ke-ma
Netral,"Jokowi Bentuk Badan Gizi Nasional, Ini Tugas dan Fungsinya! - PAJAK.COM",https://www.pajak.com/ekonomi/jokowi-bentuk-badan-gizi-nasional-ini-tugas-dan-fungsinya/
Netral,"Jokowi Bikin Badan Gizi Nasional Kelola Anggaran Rp 71 triliun, Buat Apa? | tempo.co",https://www.tempo.co/politik/jokowi-bikin-badan-gizi-nasional-kelola-anggaran-rp-71-triliun-buat-apa--17045
Netral,"Sri Mulyani Sebut Bakal Banyak Lembaga Baru, Ini 8 Badan Bentukan Prabowo | tempo.co",https://www.tempo.co/ekonomi/sri-mulyani-sebut-bakal-banyak-lembaga-baru-ini-8-badan-bentukan-prabowo-1735459
Netral,Urgensi Pembentukan Badan Kesehatan Hewan Nasional,https://www.kompas.id/artikel/urgensi-pembentukan-badan-kesehatan-hewan-nasional
Netral,"Singkatan yang Muncul dalam Program Makan Bergizi Gratis: MBG, BGN, dan SPPG | tempo.co",https://www.tempo.co/politik/singkatan-yang-muncul-dalam-program-makan-bergizi-gratis-mbg-bgn-dan-sppg-1198030
Netral,Pemerintah akan Memulai Program Makan Bergizi Gratis Pada 2 Januari 2025,https://nasional.kontan.co.id/news/pemerintah-akan-memulai-program-makan-bergizi-gratis-pada-2-januari-2025
Netral,Inilah Lembaga yang Akan Urusi Program Makan Gratis | KONTAN News,https://tv.kontan.co.id/video/jkFrexbdgmU
Netral,Tugas dan fungsi Badan Gizi Nasional - ANTARA News,https://www.antaranews.com/berita/4274319/tugas-dan-fungsi-badan-gizi-nasional
Netral,3 Fakta Badan Gizi Dibentuk Jokowi buat Eksekusi Program Makan Gratis Prabowo,https://finance.detik.com/berita-ekonomi-bisnis/d-7496734/3-fakta-badan-gizi-dibentuk-jokowi-buat-eksekusi-program-makan-gratis-prabowo
Netral,Tanggung jawab dan pola kerja Kepala Badan Gizi Nasional - ANTARA News,https://www.antaranews.com/berita/4274343/tanggung-jawab-dan-pola-kerja-kepala-badan-gizi-nasional
Netral,Daftar pejabat Badan Gizi Nasional - ANTARA News,https://www.antaranews.com/berita/4483829/daftar-pejabat-badan-gizi-nasional
Netral,"Badan Gizi Nasional untuk Sementara Berkantor di Kompleks Kementan, Dibantu Kepala Bapanas | tempo.co",https://www.tempo.co/ekonomi/badan-gizi-nasional-untuk-sementara-berkantor-di-kompleks-kementan-dibantu-kepala-bapanas-15485
Netral,Apakah tugas Badan Pangan Nasional dialihkan ke Badan Gizi Nasional? - ANTARA News,https://www.antaranews.com/berita/4274375/apakah-tugas-badan-pangan-nasional-dialihkan-ke-badan-gizi-nasional
Netral,Spesialis Gizi Klinik:  Bayi sampai Usia 2 Tahun Perlu Jadi Fokus Program Makan Bergizi Gratis Prabowo | tempo.co,https://www.tempo.co/ekonomi/spesialis-gizi-klinik-bayi-sampai-usia-2-tahun-perlu-jadi-fokus-program-makan-bergizi-gratis-prabowo-17218
Netral,Badan Gizi Nasional Resmi Jadi Mitra Kerja Komisi IX DPR,https://www.jurnas.com/artikel/161827/Badan-Gizi-Nasional-Resmi-Jadi-Mitra-Kerja-Komisi-IX-DPR/
Negatif,4 Pasal dalam Perpres Kantor Komunikasi Presiden yang Digugat ke MA | tempo.co,https://www.tempo.co/politik/4-pasal-dalam-perpres-kantor-komunikasi-presiden-yang-digugat-ke-ma-1233747
Netral,Mengenal struktur organisasi Badan Gizi Nasional - ANTARA News,https://www.antaranews.com/berita/4274323/mengenal-struktur-organisasi-badan-gizi-nasional
Netral,Presiden Jokowi terbitkan Perpres tentang Badan Gizi Nasional,https://jabar.antaranews.com/berita/535503/presiden-jokowi-terbitkan-perpres-tentang-badan-gizi-nasional
Netral,Sosok Dadan Hindayana yang Dilantik Jokowi Menjadi Kepala Badan Gizi Nasional | tempo.co,https://www.tempo.co/ekonomi/sosok-dadan-hindayana-yang-dilantik-jokowi-menjadi-kepala-badan-gizi-nasional-22119
Negatif,Perpres tentang Kantor Komunikasi Presiden Digugat ke MA | tempo.co,https://www.tempo.co/politik/perpres-tentang-kantor-komunikasi-presiden-digugat-ke-ma-1233678
Netral,Thomas Djiwandono Ungkap Isi Pertemuan Prabowo dan Sri Mulyani: Tak Bahas Makan Siang Gratis | tempo.co,https://www.tempo.co/ekonomi/thomas-djiwandono-ungkap-isi-pertemuan-prabowo-dan-sri-mulyani-tak-bahas-makan-siang-gratis-10649
Netral,"Jokowi Kebut Teken Sejumlah Keppres, Perpres dan PP Sebelum Pensiun, Terbaru Tetapkan Batam dan BSD sebagai KEK | tempo.co",https://www.tempo.co/politik/jokowi-kebut-teken-sejumlah-keppres-perpres-dan-pp-sebelum-pensiun-terbaru-tetapkan-batam-dan-bsd-sebagai-kek-1064968
Netral,"Sejumlah Badan Baru Bentukan Prabowo, Badan Gizi Nasional sampai Badan Intelijen Keuangan | tempo.co",https://www.tempo.co/politik/sejumlah-badan-baru-bentukan-prabowo-badan-gizi-nasional-sampai-badan-intelijen-keuangan-1166122
Netral,"Prabowo Mau Bikin 3 Badan Baru di Pemerintahan Mendatang, Apa Saja? | tempo.co",https://www.tempo.co/ekonomi/prabowo-mau-bikin-3-badan-baru-di-pemerintahan-mendatang-apa-saja--10286
Negatif,Alasan Windu Wijaya Gugat Pepres Kantor Komunikasi Kepresidenan ke MA | tempo.co,https://www.tempo.co/politik/alasan-windu-wijaya-gugat-pepres-kantor-komunikasi-kepresidenan-ke-ma-1233743
Netral,"Kepala BGN Lantik 23 Pejabat Eselon 2, Kerja Cepat untuk Wujudkan Kualitas Gizi Masyarakat - Iconomics",https://www.theiconomics.com/art-of-execution/kepala-bgn-lantik-23-pejabat-eselon-2-kerja-cepat-untuk-wujudkan-kualitas-gizi-masyarakat/
Netral,Juknis Tata Kelola Program MBG Tahun 2026,https://www.ainamulyana.com/2025/01/juknis-program-makan-bergizi-gratis.html
Netral,"MENKO BIDANG PANGAN TEKANKAN IMPLEMENTASI PERPRES NOMOR 115 TAHUN 2025, MAGETAN SIAP TERAPKAN – Magetan Official",https://magetan.go.id/menko-bidang-pangan-tekankan-implementasi-perpres-nomor-115-tahun-2025-magetan-siap-terapkan/
Netral,BGN terbitkan aturan SPPG wajib kelola limbah MBG,https://gorontalo.antaranews.com/berita/395050/bgn-terbitkan-aturan-sppg-wajib-kelola-limbah-mbg
Negatif,"Perpres Nomor 115 Tahun 2025 tentang Program MBG, antara Kebijakan dan Ketimpangan Keadilan Publik – UNIVERSITAS KOMPUTAMA",https://unikma.ac.id/2026/01/16/perpres-nomor-115-tahun-2025-tentang-program-makan-bergizi-gratis-mbg-antara-ambisi-kebijakan-dan-ketimpangan-keadilan-publik/
Netral,"BGN: SPPG Tak Boleh Menolak Produk Petani, Peternak, dan Nel",https://tribratanews.polri.go.id/blog/nasional-3/bgn-sppg-tak-boleh-menolak-produk-petani-peternak-dan-nelayan-kecil-untuk-program-mbg-98295
Netral,BGN menambah sasaran penerima manfaat MBG untuk usia 6-59 bulan - ANTARA News Jawa Timur,https://jatim.antaranews.com/berita/1034794/bgn-menambah-sasaran-penerima-manfaat-mbg-untuk-usia-6-59-bulan
Positif,"Pemerintah: Penerima MBG Capai 61,2 Juta hingga Februari 202",https://tribratanews.polri.go.id/blog/nasional-3/pemerintah-penerima-mbg-capai-612-juta-hingga-februari-2026-99481
Netral,Guru dan Tenaga Kependidikan di Batam Terima MBG Mulai Hari Ini – Metropolis,https://metropolis.batampos.co.id/guru-dan-tenaga-kependidikan-di-batam-terima-mbg-mulai-hari-ini/
Positif,"Mendukbangga: Indonesia Harus Bangga, MBG untuk 3B Jadi Cont",https://tribratanews.polri.go.id/blog/nasional-3/mendukbangga-indonesia-harus-bangga-mbg-untuk-3b-jadi-contoh-dunia-98663
Netral,Penjelasan Resmi Perpres 115/2025 soal Status PPPK Pegawai dan Relawan SPPG | NNC Netralnews,https://www.netralnews.com/penjelasan-resmi-perpres-1152025-soal-status-pppk-pegawai-dan-relawan-sppg/UmxWYzRlZHRHc0hvYXMyQjZzZVJEQT09
Netral,Edy Ingin Pastikan Program MBG Benar-benar Terlaksana Usai Perpres Nomor 115 Tahun 2025,https://www.gesuri.id/pemerintahan/edy-ingin-pastikan-program-mbg-benar-benar-terlaksana-usai-perpres-nomor-115-tahun-2025-b2nzhZbcln
Netral,BGN: Makanan Siap Santap-Paket Sehat Jadi Menu MBG untuk Sas,https://tribratanews.polri.go.id/blog/nasional-3/bgn-makanan-siap-santap-paket-sehat-jadi-menu-mbg-untuk-sasaran-3b-98921
Netral,BGN Ingatkan Guru Harus Dapat Makan Bergizi Gratis,https://validnews.id/nasional/bgn-ingatkan-guru-harus-dapat-makan-bergizi-gratis
Netral,Gaji Pegawai SPPG Jika Diangkat Jadi PPPK Sesuai Perpres 115 Tahun 2025 | NNC Netralnews,https://www.netralnews.com/gaji-pegawai-sppg-jika-diangkat-jadi-pppk-sesuai-perpres-115-tahun-2025/a1hudEpPY0pva0VsUzBqTHY5NlVlUT09
Negatif,Pemerintah diminta pertegas jaminan sosial bagi pekerja MBG - ANTARA News,https://www.antaranews.com/berita/5329735/pemerintah-diminta-pertegas-jaminan-sosial-bagi-pekerja-mbg
Netral,Pengangkatan Pegawai SPPG Jadi PPPK Tertuang dalam Perpres 115 Tahun 2025 | NNC Netralnews,https://www.netralnews.com/pengangkatan-pegawai-sppg-jadi-pppk-tertuang-dalam-perpres-115-tahun-2025/RHpEUk5tNWFpbUl6ZTJXQTFHMFpoZz09
Positif,BGN: Per 12 Februari 2026 sebanyak 21.897 SPPG sudah beroperasi - ANTARA News Jawa Timur,https://jatim.antaranews.com/berita/1034798/bgn-per-12-februari-2026-sebanyak-21897-sppg-sudah-beroperasi
Netral,Syarat Pegawai SPPG Diangkat Jadi PPPK Sesuai Perpres 115 Tahun 2025 | NNC Netralnews,https://www.netralnews.com/syarat-pegawai-sppg-diangkat-jadi-pppk-sesuai-perpres-115-tahun-2025/QjJnYWk2QXB0aW16eU9XQXZIUXVLZz09
Netral,"BGN: SPPG dilarang menolak pasokan UMKM, petani, dan peternak kecil - ANTARA News Kupang, Nusa Tenggara Timur - ANTARA News Nusa Tenggara Timur - Berita Terkini Nusa Tenggara Timur",https://kupang.antaranews.com/berita/179706/bgn-sppg-dilarang-menolak-pasokan-umkm-petani-dan-peternak-kecil
Netral,"Perpres Tata Kelola MBG diteken, bahan baku MBG wajib dari koperasi - ANTARA News",https://www.antaranews.com/video/5285617/perpres-tata-kelola-mbg-diteken-bahan-baku-mbg-wajib-dari-koperasi
Positif,"Pemerintah sebut penerima MBG capai 61,2 juta hingga Februari 2026 - ANTARA News Sumatera Selatan",https://sumsel.antaranews.com/berita/812099/pemerintah-sebut-penerima-mbg-capai-612-juta-hingga-februari-2026?page=all
Netral,BPOM Dorong Penggunaan Bahan Baku Lokal untuk MBG | tempo.co,https://www.tempo.co/ekonomi/bpom-dorong-penggunaan-bahan-baku-lokal-untuk-mbg-2096509
Netral,"Program Makan Bergizi Gratis Diperkuat Perpres, Sasar Anak hingga Tenaga Sekolah - INFODESANEWS",https://www.infodesanews.com/program-makan-bergizi-gratis-diperkuat-perpres-sasar-anak-hingga-tenaga-sekolah/
Netral,"BGN Tegaskan Guru Wajib Terima MBG di 2026, demi Pemenuhan Gizi Optimal",https://mediaindonesia.com/humaniora/847907/bgn-tegaskan-guru-wajib-terima-mbg-di-2026-demi-pemenuhan-gizi-optimal
Netral,"Mulai 2026, MBG Diberikan Pada Bayi 6 Bulan",https://validnews.id/nasional/mulai-mbg-diberikan-pada-bayi-bulan
Netral,Edy Wuryanto Ingatkan Pentingnya Rantai Pasokan Lokal,https://www.gesuri.id/pemerintahan/edy-wuryanto-ingatkan-pentingnya-rantai-pasokan-lokal-b2nyXZbbUn
Netral,"BGN: Semua Guru, Tenaga Kebersihan hingga Staf TU Harus Dapat MBG pada 2026",https://www.liputan6.com/news/read/6252989/bgn-semua-guru-tenaga-kebersihan-hingga-staf-tu-harus-dapat-mbg-pada-2026
Netral,"1 Februari 2026 Pegawai MBG Diangkat PPPK, Ini Dasar Hukumnya & gajinya | NNC Netralnews",https://www.netralnews.com/1-februari-2026-pegawai-mbg-diangkat-pppk-ini-dasar-hukumnya-gajinya/R2g4LzZCT0YrakNiZzFkaG12bytoQT09
Netral,"Kepala Daerah Boleh Masuk Dapur SPPG, Awasi Menu MBG | News+ on RCTI+",https://www.rctiplus.com/news/detail/inews/5333753/kepala-daerah-boleh-masuk-dapur-sppg--awasi-menu-mbg
Netral,"Pegawai SPPG Berpeluang Jadi PPPK, BKD Jawa Barat Beri Penjelasan",https://www.harapanrakyat.com/2026/01/pegawai-sppg-berpeluang-jadi-pppk-bkd-jawa-barat-beri-penjelasan/
Netral,"Kepala SPPG Jadi PPPK: Cuma 32.000 Orang yang Diangkat, Cek Golongan & Gajinya",https://newssetup.kontan.co.id/news/kepala-sppg-jadi-pppk-cuma-32000-orang-yang-diangkat-cek-golongan-gajinya
Netral,"BGN: Guru Wajib Terima Makan Bergizi Gratis, Sesuai Perpres 115/2025 | Indopolitika.com",https://indopolitika.com/bgn-guru-wajib-terima-makan-bergizi-gratis-sesuai-perpres-115-2025/
Negatif,Sonny Danaparamita: Kebijakan Pengangkatan Pegawai SPPG Jadi PPPK Cederai Rasa Keadilan,https://www.gesuri.id/pemerintahan/sonny-danaparamita-kebijakan-pengangkatan-pegawai-sppg-jadi-pppk-cederai-rasa-keadilan-b2pNfZbdcT
Netral,BGN Larang SPPG Pakai Makanan Buatan Pabrik untuk MBG - Sinpo.id,https://sinpo.id/detail/110934/bgn-larang-sppg-pakai-makanan-buatan-pabrik-untuk-mbg
Positif,Wamenkes Sebut 4.535 Dapur MBG Sudah Kantongi Sertifikat Higiene,https://www.liputan6.com/news/read/6253046/wamenkes-sebut-4535-dapur-mbg-sudah-kantongi-sertifikat-higiene
Netral,Rakor penyelenggaraan program MBG di Jawa Timur,https://jatim.antaranews.com/foto/1037202/rakor-penyelenggaraan-program-mbg-di-jawa-timur
Netral,"Pegawai SPPG Berpeluang Diangkat ASN, Ini Dasarnya - Banten Pos",https://banpos.co/artikel/2026/01/14/pegawai-sppg-berpeluang-diangkat-asn-ini-dasarnya/
Negatif,Ketika Ahli Gizi dan Akuntan MBG Lebih Prioritas daripada Guru Honorer - INAnews,https://www.inanews.co.id/2026/01/ketika-ahli-gizi-dan-akuntan-mbg-lebih-prioritas-daripada-guru-honorer/
Negatif,Pegawai SPPG Diangkat PPPK Berpotensi Timbulkan Kecemburuan - SUARANTB.com,https://suarantb.com/2026/01/20/pegawai-sppg-diangkat-pppk-berpotensi-timbulkan-kecemburuan/